ward_id,ward_name,month,rainfall_mm,drainage_quality,elevation_category,green_cover_percent,impervious_surface_percent,population_density,water_complaints_count,flood_incidents_count,stress_level
1,Mahadevapura,2022-01,331,good,low,21,29,30911,37,5,Low
1,Mahadevapura,2022-02,374,average,high,42,24,6816,35,2,Low
1,Mahadevapura,2022-03,71,poor,medium,22,35,11315,26,4,Medium
1,Mahadevapura,2022-04,590,average,low,43,25,22240,38,3,Low
1,Mahadevapura,2022-05,429,poor,low,54,43,7376,45,5,High
1,Mahadevapura,2022-06,381,poor,medium,22,46,20266,46,3,High
1,Mahadevapura,2022-07,437,good,medium,73,66,13822,36,4,Low
1,Mahadevapura,2022-08,249,poor,low,78,63,27902,33,3,Low
1,Mahadevapura,2022-09,74,poor,medium,58,39,34581,22,1,Low
1,Mahadevapura,2022-10,40,good,low,55,63,26783,18,1,Low
1,Mahadevapura,2022-11,593,good,low,26,54,19535,59,8,Medium
1,Mahadevapura,2022-12,62,good,low,72,56,27482,20,1,Low
1,Mahadevapura,2023-01,23,good,low,29,83,5931,14,1,Low
1,Mahadevapura,2023-02,132,good,low,78,30,9451,23,1,Low
1,Mahadevapura,2023-03,562,poor,low,70,90,13123,60,5,High
1,Mahadevapura,2023-04,367,average,low,44,39,6719,28,3,Low
1,Mahadevapura,2023-05,237,average,low,38,53,13238,17,2,Low
1,Mahadevapura,2023-06,429,average,medium,55,36,26626,42,7,Medium
1,Mahadevapura,2023-07,467,good,medium,65,70,17073,43,6,Medium
1,Mahadevapura,2023-08,493,average,low,23,46,18438,36,5,Medium
1,Mahadevapura,2023-09,348,average,low,34,88,7324,37,6,Low
1,Mahadevapura,2023-10,72,good,medium,34,52,15383,27,2,Low
1,Mahadevapura,2023-11,485,poor,high,74,81,19854,42,6,High
1,Mahadevapura,2023-12,147,poor,low,48,81,31159,36,4,Medium
1,Mahadevapura,2024-01,528,poor,high,82,66,8803,56,4,Medium
1,Mahadevapura,2024-02,27,good,low,26,53,20986,16,2,Low
1,Mahadevapura,2024-03,364,good,medium,79,62,24854,32,3,Low
1,Mahadevapura,2024-04,245,good,medium,44,45,20961,32,2,Low
1,Mahadevapura,2024-05,29,good,medium,75,53,10345,28,2,Low
1,Mahadevapura,2024-06,457,good,medium,59,66,6639,37,5,Medium
1,Mahadevapura,2024-07,232,average,low,76,20,19711,34,3,Low
1,Mahadevapura,2024-08,86,good,low,64,45,19664,13,1,Low
1,Mahadevapura,2024-09,340,poor,high,65,79,17152,48,6,Medium
1,Mahadevapura,2024-10,162,poor,low,34,79,30427,35,4,Medium
1,Mahadevapura,2024-11,485,average,low,85,90,8292,34,5,Medium
1,Mahadevapura,2024-12,105,average,high,70,44,31071,15,2,Low
2,Yelahanka,2022-01,257,poor,medium,56,53,21837,31,3,Low
2,Yelahanka,2022-02,62,good,low,73,86,17783,26,3,Low
2,Yelahanka,2022-03,544,poor,medium,71,43,23941,33,4,Medium
2,Yelahanka,2022-04,176,poor,medium,30,27,14681,33,2,Low
2,Yelahanka,2022-05,543,average,medium,28,27,12142,38,3,Medium
2,Yelahanka,2022-06,43,good,medium,18,28,18524,14,1,Low
2,Yelahanka,2022-07,524,poor,low,80,88,30455,51,3,High
2,Yelahanka,2022-08,253,average,high,48,45,31525,31,3,Low
2,Yelahanka,2022-09,426,poor,medium,24,50,18035,29,3,High
2,Yelahanka,2022-10,310,good,high,34,66,8685,30,3,Low
2,Yelahanka,2022-11,478,poor,high,65,82,9334,54,6,High
2,Yelahanka,2022-12,165,good,high,66,63,17804,20,1,Low
2,Yelahanka,2023-01,326,poor,low,58,90,19029,39,6,Medium
2,Yelahanka,2023-02,393,average,medium,80,28,7697,49,5,Medium
2,Yelahanka,2023-03,107,poor,low,38,54,28765,14,1,Low
2,Yelahanka,2023-04,264,average,medium,80,83,26951,31,4,Low
2,Yelahanka,2023-05,285,poor,medium,69,29,12812,18,2,Low
2,Yelahanka,2023-06,266,poor,high,23,53,32271,22,1,Medium
2,Yelahanka,2023-07,11,average,medium,49,36,5415,19,2,Low
2,Yelahanka,2023-08,112,good,low,38,45,34547,18,1,Low
2,Yelahanka,2023-09,543,good,low,79,42,12864,44,7,Medium
2,Yelahanka,2023-10,256,poor,low,79,90,10208,37,2,Medium
2,Yelahanka,2023-11,251,good,low,70,83,21888,32,2,Low
2,Yelahanka,2023-12,315,average,high,58,45,31272,43,5,Low
2,Yelahanka,2024-01,414,good,high,31,21,6317,44,4,Low
2,Yelahanka,2024-02,441,poor,low,63,84,25972,40,4,High
2,Yelahanka,2024-03,300,poor,low,49,77,4118,31,2,Medium
2,Yelahanka,2024-04,336,good,medium,46,24,32914,29,3,Low
2,Yelahanka,2024-05,365,poor,low,25,80,13139,42,4,High
2,Yelahanka,2024-06,254,average,low,48,31,8714,28,4,Low
2,Yelahanka,2024-07,403,poor,low,44,30,23188,40,5,High
2,Yelahanka,2024-08,398,good,medium,78,39,13311,48,6,Medium
2,Yelahanka,2024-09,44,good,medium,80,74,28046,30,2,Low
2,Yelahanka,2024-10,142,good,medium,17,49,6788,11,1,Low
2,Yelahanka,2024-11,136,average,high,63,77,22301,14,2,Low
2,Yelahanka,2024-12,544,average,medium,15,78,30138,38,2,Medium
3,Jayanagar,2022-01,548,poor,medium,75,52,30516,36,3,Medium
3,Jayanagar,2022-02,240,good,low,73,83,31706,32,4,Low
3,Jayanagar,2022-03,490,good,low,20,45,6538,49,6,Medium
3,Jayanagar,2022-04,339,poor,medium,53,37,4408,36,6,Medium
3,Jayanagar,2022-05,497,poor,medium,42,82,13530,56,4,High
3,Jayanagar,2022-06,292,average,medium,30,90,10529,32,4,Low
3,Jayanagar,2022-07,484,poor,medium,79,77,12803,45,5,High
3,Jayanagar,2022-08,215,poor,low,82,53,15781,20,1,Low
3,Jayanagar,2022-09,286,good,medium,44,83,33416,37,3,Low
3,Jayanagar,2022-10,25,poor,high,72,71,13894,30,3,Medium
3,Jayanagar,2022-11,426,average,low,57,20,14634,49,4,Low
3,Jayanagar,2022-12,407,poor,high,16,57,12297,38,5,High
3,Jayanagar,2023-01,402,average,high,24,66,34324,40,4,Medium
3,Jayanagar,2023-02,49,poor,low,51,39,12169,13,1,Low
3,Jayanagar,2023-03,523,average,medium,69,23,30606,54,4,Low
3,Jayanagar,2023-04,567,average,medium,21,72,18773,56,7,High
3,Jayanagar,2023-05,293,average,high,85,36,9595,34,2,Low
3,Jayanagar,2023-06,351,poor,low,48,71,25495,32,3,High
3,Jayanagar,2023-07,494,average,low,36,40,6463,36,2,Low
3,Jayanagar,2023-08,509,average,medium,57,77,18005,38,2,Medium
3,Jayanagar,2023-09,197,poor,low,26,60,11835,26,2,Medium
3,Jayanagar,2023-10,583,poor,low,67,69,17562,61,4,Medium
3,Jayanagar,2023-11,215,average,low,22,83,13093,36,3,Low
3,Jayanagar,2023-12,128,average,medium,42,31,12880,16,1,Low
3,Jayanagar,2024-01,409,average,medium,54,22,8169,25,2,Low
3,Jayanagar,2024-02,484,good,medium,24,70,34482,48,3,Medium
3,Jayanagar,2024-03,459,poor,low,34,39,21116,49,7,High
3,Jayanagar,2024-04,468,poor,medium,15,36,11621,47,7,High
3,Jayanagar,2024-05,311,good,medium,82,75,26891,47,6,Low
3,Jayanagar,2024-06,101,poor,medium,39,69,12548,18,3,Low
3,Jayanagar,2024-07,10,average,high,50,60,25121,12,0,Low
3,Jayanagar,2024-08,538,poor,low,67,59,5812,34,3,Medium
3,Jayanagar,2024-09,510,good,medium,25,52,11465,53,4,Medium
3,Jayanagar,2024-10,379,poor,low,58,73,15872,48,4,High
3,Jayanagar,2024-11,202,poor,low,79,28,10724,28,3,Low
3,Jayanagar,2024-12,319,good,low,74,48,12684,45,4,Low
4,Whitefield,2022-01,111,good,medium,38,48,19894,23,3,Low
4,Whitefield,2022-02,149,good,low,18,38,17611,12,2,Low
4,Whitefield,2022-03,188,average,high,55,34,6600,18,1,Low
4,Whitefield,2022-04,195,poor,high,74,24,14217,33,2,Low
4,Whitefield,2022-05,382,good,medium,28,20,6563,30,4,Medium
4,Whitefield,2022-06,359,average,high,41,68,15686,49,4,Low
4,Whitefield,2022-07,442,poor,medium,40,67,21744,44,4,Medium
4,Whitefield,2022-08,331,average,high,18,72,12126,49,4,Low
4,Whitefield,2022-09,41,average,medium,22,52,10387,29,4,Low
4,Whitefield,2022-10,347,average,low,20,53,28459,45,4,Low
4,Whitefield,2022-11,282,poor,medium,23,23,31066,24,3,Medium
4,Whitefield,2022-12,486,good,medium,64,52,33935,44,3,Low
4,Whitefield,2023-01,135,good,low,53,39,23898,17,1,Low
4,Whitefield,2023-02,327,average,medium,25,85,10465,37,4,Low
4,Whitefield,2023-03,253,average,medium,76,90,21845,31,3,Low
4,Whitefield,2023-04,436,good,high,48,30,10826,29,2,Low
4,Whitefield,2023-05,510,good,high,37,49,8355,45,3,Low
4,Whitefield,2023-06,240,good,high,30,57,13626,26,2,Low
4,Whitefield,2023-07,381,poor,low,71,51,10086,32,3,Medium
4,Whitefield,2023-08,157,poor,high,39,61,6123,25,2,Low
4,Whitefield,2023-09,251,average,low,27,79,5213,23,3,Low
4,Whitefield,2023-10,486,good,low,72,67,5322,41,4,Low
4,Whitefield,2023-11,122,poor,medium,39,29,16197,25,3,Low
4,Whitefield,2023-12,459,average,medium,15,33,24888,47,4,Medium
4,Whitefield,2024-01,222,poor,low,20,46,12353,17,1,Medium
4,Whitefield,2024-02,11,good,medium,62,43,24349,13,1,Low
4,Whitefield,2024-03,208,poor,medium,76,28,17374,16,1,Low
4,Whitefield,2024-04,563,poor,medium,35,70,26787,45,3,Medium
4,Whitefield,2024-05,290,average,medium,21,59,28423,39,3,Low
4,Whitefield,2024-06,424,average,high,61,45,16803,50,4,Low
4,Whitefield,2024-07,208,good,medium,35,74,7720,19,1,Low
4,Whitefield,2024-08,591,good,medium,35,36,4486,36,2,Low
4,Whitefield,2024-09,145,average,high,26,67,28158,29,3,Low
4,Whitefield,2024-10,149,average,low,36,28,7564,22,1,Low
4,Whitefield,2024-11,202,average,high,20,81,14306,18,1,Low
4,Whitefield,2024-12,88,good,medium,35,48,24350,20,2,Low
5,KR Puram,2022-01,484,poor,low,66,86,9127,46,4,High
5,KR Puram,2022-02,126,poor,high,39,25,32962,26,4,Low
5,KR Puram,2022-03,331,poor,medium,85,59,25267,36,3,Low
5,KR Puram,2022-04,596,poor,low,62,77,20501,53,6,High
5,KR Puram,2022-05,23,poor,high,74,50,18641,29,2,Low
5,KR Puram,2022-06,183,good,medium,23,36,15749,26,2,Low
5,KR Puram,2022-07,93,good,medium,20,25,24854,11,1,Low
5,KR Puram,2022-08,321,good,medium,21,84,33323,36,4,Low
5,KR Puram,2022-09,26,good,high,29,44,8312,20,2,Low
5,KR Puram,2022-10,169,average,medium,43,28,31296,22,2,Low
5,KR Puram,2022-11,162,average,medium,73,38,12328,28,2,Low
5,KR Puram,2022-12,213,average,medium,45,60,16198,17,1,Low
5,KR Puram,2023-01,186,average,medium,50,61,33340,27,3,Low
5,KR Puram,2023-02,270,poor,medium,61,77,22192,37,5,Medium
5,KR Puram,2023-03,258,good,medium,65,67,12675,31,2,Low
5,KR Puram,2023-04,591,poor,low,25,76,11538,44,7,High
5,KR Puram,2023-05,303,good,low,55,20,28481,19,2,Low
5,KR Puram,2023-06,152,poor,medium,68,85,15930,16,2,Medium
5,KR Puram,2023-07,500,poor,medium,17,26,4085,47,4,High
5,KR Puram,2023-08,311,poor,low,43,72,23123,32,4,Medium
5,KR Puram,2023-09,209,average,high,35,37,4462,39,4,Low
5,KR Puram,2023-10,152,average,low,33,54,17171,37,3,Low
5,KR Puram,2023-11,11,poor,high,59,76,23722,22,1,Medium
5,KR Puram,2023-12,254,poor,low,22,88,4826,33,4,Medium
5,KR Puram,2024-01,243,poor,high,28,21,24074,32,3,Medium
5,KR Puram,2024-02,145,average,medium,79,73,30652,33,4,Low
5,KR Puram,2024-03,520,average,low,21,81,27442,52,8,High
5,KR Puram,2024-04,384,good,medium,74,30,28305,43,3,Low
5,KR Puram,2024-05,179,poor,low,44,24,8039,21,2,Low
5,KR Puram,2024-06,53,poor,medium,70,86,12693,19,2,Medium
5,KR Puram,2024-07,87,good,low,48,50,31581,32,3,Low
5,KR Puram,2024-08,163,good,low,64,62,23701,21,1,Low
5,KR Puram,2024-09,549,average,high,15,23,18326,55,6,Medium
5,KR Puram,2024-10,584,good,medium,65,29,22520,39,4,Low
5,KR Puram,2024-11,33,poor,low,35,64,8647,29,4,Low
5,KR Puram,2024-12,31,poor,medium,20,28,28142,5,0,Medium
6,BTM Layout,2022-01,372,poor,high,83,28,32826,47,3,Medium
6,BTM Layout,2022-02,109,poor,low,19,24,31777,33,4,Medium
6,BTM Layout,2022-03,294,average,low,41,57,14457,31,2,Low
6,BTM Layout,2022-04,267,poor,low,51,26,27454,41,3,Low
6,BTM Layout,2022-05,328,good,medium,75,56,24259,45,7,Low
6,BTM Layout,2022-06,422,poor,medium,27,64,19366,50,8,High
6,BTM Layout,2022-07,550,average,medium,26,56,9582,48,8,Medium
6,BTM Layout,2022-08,536,poor,medium,21,20,15396,46,6,High
6,BTM Layout,2022-09,503,average,high,78,64,31257,49,4,Low
6,BTM Layout,2022-10,591,good,low,42,49,20328,41,5,Medium
6,BTM Layout,2022-11,82,average,high,28,61,15652,12,1,Low
6,BTM Layout,2022-12,404,good,medium,69,23,16188,30,3,Low
6,BTM Layout,2023-01,269,average,medium,36,68,32966,40,4,Low
6,BTM Layout,2023-02,471,poor,medium,19,64,23057,41,2,High
6,BTM Layout,2023-03,159,good,medium,85,61,9555,27,2,Low
6,BTM Layout,2023-04,263,average,low,74,50,20636,24,2,Low
6,BTM Layout,2023-05,308,good,high,34,39,12112,43,3,Low
6,BTM Layout,2023-06,534,average,low,39,53,27879,37,4,Low
6,BTM Layout,2023-07,104,poor,low,33,58,28028,19,1,Low
6,BTM Layout,2023-08,280,poor,medium,28,55,10764,32,2,Medium
6,BTM Layout,2023-09,34,poor,high,70,48,20399,25,2,Low
6,BTM Layout,2023-10,474,poor,low,66,20,28279,35,2,Medium
6,BTM Layout,2023-11,587,average,medium,44,49,26269,41,5,Medium
6,BTM Layout,2023-12,464,average,low,27,73,11942,56,4,Medium
6,BTM Layout,2024-01,160,poor,medium,73,22,24367,23,1,Low
6,BTM Layout,2024-02,187,good,low,16,69,31258,31,4,Low
6,BTM Layout,2024-03,39,poor,low,40,86,15410,12,0,Medium
6,BTM Layout,2024-04,554,poor,medium,17,67,21094,46,3,High
6,BTM Layout,2024-05,467,poor,medium,65,85,28992,36,3,High
6,BTM Layout,2024-06,57,poor,low,22,21,6463,17,1,Medium
6,BTM Layout,2024-07,360,average,low,53,71,34799,41,4,Medium
6,BTM Layout,2024-08,401,average,low,23,44,19373,45,3,Medium
6,BTM Layout,2024-09,231,good,low,67,79,13645,43,3,Low
6,BTM Layout,2024-10,128,good,medium,44,54,27075,23,2,Low
6,BTM Layout,2024-11,436,average,medium,50,65,12027,49,4,Low
6,BTM Layout,2024-12,328,average,medium,25,66,9005,32,2,Low
7,Hebbal,2022-01,58,poor,medium,56,37,21388,17,2,Low
7,Hebbal,2022-02,11,poor,low,52,52,23929,7,0,Low
7,Hebbal,2022-03,239,poor,medium,34,46,33625,29,2,Low
7,Hebbal,2022-04,171,average,medium,26,90,29823,37,3,Low
7,Hebbal,2022-05,202,average,low,25,76,25994,20,1,Low
7,Hebbal,2022-06,121,poor,low,32,80,20157,30,5,Medium
7,Hebbal,2022-07,495,average,low,77,51,20324,36,2,Low
7,Hebbal,2022-08,6,poor,low,78,57,31543,19,1,Low
7,Hebbal,2022-09,436,average,high,24,43,24874,38,6,Medium
7,Hebbal,2022-10,21,average,medium,57,32,20732,18,1,Low
7,Hebbal,2022-11,147,poor,medium,31,63,7095,34,3,Low
7,Hebbal,2022-12,349,average,medium,41,56,18260,34,2,Low
7,Hebbal,2023-01,257,average,high,52,65,31123,34,2,Low
7,Hebbal,2023-02,341,average,low,79,64,10669,44,3,Low
7,Hebbal,2023-03,120,average,low,53,36,23216,29,4,Low
7,Hebbal,2023-04,41,average,medium,66,89,22810,10,0,Low
7,Hebbal,2023-05,307,poor,low,75,27,29854,35,2,Low
7,Hebbal,2023-06,385,average,medium,25,47,5293,46,3,Medium
7,Hebbal,2023-07,178,poor,low,19,73,29379,18,3,Medium
7,Hebbal,2023-08,377,good,low,54,53,32260,34,4,Low
7,Hebbal,2023-09,431,poor,low,21,83,22596,46,7,High
7,Hebbal,2023-10,121,good,medium,66,77,6202,13,1,Low
7,Hebbal,2023-11,159,average,medium,28,30,25119,26,2,Low
7,Hebbal,2023-12,155,average,medium,16,35,32130,13,1,Low
7,Hebbal,2024-01,124,poor,low,46,77,28037,36,4,Medium
7,Hebbal,2024-02,51,average,medium,33,30,13605,25,1,Low
7,Hebbal,2024-03,510,average,high,47,26,27501,31,5,Medium
7,Hebbal,2024-04,62,poor,medium,25,69,14192,18,2,Medium
7,Hebbal,2024-05,498,average,low,71,80,26179,39,4,Medium
7,Hebbal,2024-06,119,average,medium,68,81,16639,37,2,Low
7,Hebbal,2024-07,278,good,medium,52,55,5986,39,3,Low
7,Hebbal,2024-08,15,good,medium,54,74,33102,14,1,Low
7,Hebbal,2024-09,396,average,medium,44,77,13283,50,8,Medium
7,Hebbal,2024-10,329,poor,medium,20,56,31303,26,3,Medium
7,Hebbal,2024-11,280,good,medium,85,83,15365,39,5,Low
7,Hebbal,2024-12,552,average,medium,40,49,14140,53,8,Medium
8,Rajajinagar,2022-01,404,average,low,47,21,29941,36,2,Low
8,Rajajinagar,2022-02,553,poor,high,23,49,17047,52,3,High
8,Rajajinagar,2022-03,265,good,medium,76,84,23311,27,3,Low
8,Rajajinagar,2022-04,217,poor,low,52,66,22935,35,3,Low
8,Rajajinagar,2022-05,412,good,high,46,25,34232,39,3,Low
8,Rajajinagar,2022-06,108,average,medium,25,39,14347,28,4,Low
8,Rajajinagar,2022-07,353,poor,medium,27,24,10705,39,3,High
8,Rajajinagar,2022-08,600,average,low,50,74,7182,53,6,Medium
8,Rajajinagar,2022-09,260,good,low,38,68,6741,20,3,Low
8,Rajajinagar,2022-10,35,average,high,73,82,31708,10,0,Low
8,Rajajinagar,2022-11,122,good,low,55,49,24992,12,0,Low
8,Rajajinagar,2022-12,402,poor,high,62,50,27616,33,4,Medium
8,Rajajinagar,2023-01,39,good,high,22,90,33641,9,1,Low
8,Rajajinagar,2023-02,264,good,medium,76,27,7311,20,1,Low
8,Rajajinagar,2023-03,5,good,medium,53,76,28834,26,3,Low
8,Rajajinagar,2023-04,482,average,low,30,67,19771,44,5,Medium
8,Rajajinagar,2023-05,451,poor,low,16,79,27502,37,6,High
8,Rajajinagar,2023-06,160,good,low,62,37,29503,25,3,Low
8,Rajajinagar,2023-07,394,good,medium,72,63,14569,34,2,Low
8,Rajajinagar,2023-08,118,average,low,43,27,9906,30,2,Low
8,Rajajinagar,2023-09,566,good,medium,34,54,17705,48,5,Medium
8,Rajajinagar,2023-10,159,poor,medium,52,62,30350,19,1,Low
8,Rajajinagar,2023-11,502,poor,medium,76,34,9025,46,7,High
8,Rajajinagar,2023-12,216,average,high,30,52,28734,22,2,Low
8,Rajajinagar,2024-01,442,good,high,45,32,16784,36,3,Low
8,Rajajinagar,2024-02,166,poor,medium,52,38,24965,12,0,Low
8,Rajajinagar,2024-03,519,average,low,15,87,13384,41,3,Medium
8,Rajajinagar,2024-04,445,poor,medium,50,43,8524,33,2,Medium
8,Rajajinagar,2024-05,235,good,low,25,31,33141,34,2,Low
8,Rajajinagar,2024-06,280,poor,low,39,59,10628,20,2,Low
8,Rajajinagar,2024-07,532,average,medium,22,86,30563,47,4,Medium
8,Rajajinagar,2024-08,288,good,high,78,31,4506,31,2,Low
8,Rajajinagar,2024-09,136,good,low,38,66,5201,18,1,Low
8,Rajajinagar,2024-10,588,average,low,81,77,20896,41,5,Medium
8,Rajajinagar,2024-11,365,good,high,56,68,22884,49,8,Medium
8,Rajajinagar,2024-12,298,good,high,78,77,20820,22,1,Low
9,Indiranagar,2022-01,550,poor,low,26,48,24285,39,4,High
9,Indiranagar,2022-02,105,average,medium,18,22,7161,29,3,Low
9,Indiranagar,2022-03,267,poor,medium,74,86,11810,44,3,Medium
9,Indiranagar,2022-04,105,average,low,37,25,12946,10,0,Low
9,Indiranagar,2022-05,505,average,medium,29,35,7982,42,5,Medium
9,Indiranagar,2022-06,554,average,high,33,79,28463,49,6,Medium
9,Indiranagar,2022-07,18,good,low,68,87,5186,20,3,Low
9,Indiranagar,2022-08,371,average,low,57,75,31624,44,4,Medium
9,Indiranagar,2022-09,410,good,low,81,38,26287,36,4,Low
9,Indiranagar,2022-10,432,average,low,28,87,10143,33,3,Medium
9,Indiranagar,2022-11,443,poor,medium,43,37,17786,39,3,Medium
9,Indiranagar,2022-12,47,good,high,20,24,32364,24,2,Low
9,Indiranagar,2023-01,279,average,high,19,32,12211,21,1,Low
9,Indiranagar,2023-02,13,average,high,51,34,14007,14,1,Low
9,Indiranagar,2023-03,123,poor,high,80,54,6768,25,1,Low
9,Indiranagar,2023-04,151,average,medium,52,72,22918,23,2,Low
9,Indiranagar,2023-05,249,good,medium,51,78,23986,42,4,Low
9,Indiranagar,2023-06,395,poor,medium,73,90,13951,48,3,High
9,Indiranagar,2023-07,480,good,low,57,48,10186,46,3,Low
9,Indiranagar,2023-08,392,good,low,60,40,32241,32,2,Low
9,Indiranagar,2023-09,570,average,low,42,57,5864,60,10,Medium
9,Indiranagar,2023-10,162,average,medium,59,76,25552,16,1,Low
9,Indiranagar,2023-11,397,good,low,28,86,11378,50,6,High
9,Indiranagar,2023-12,426,average,low,40,55,30908,44,6,Medium
9,Indiranagar,2024-01,486,poor,medium,31,72,32535,36,6,High
9,Indiranagar,2024-02,420,good,medium,78,70,22741,33,2,Low
9,Indiranagar,2024-03,286,good,medium,63,77,26696,36,3,Low
9,Indiranagar,2024-04,361,poor,low,64,61,4221,50,3,Medium
9,Indiranagar,2024-05,389,average,low,53,38,18275,42,3,Low
9,Indiranagar,2024-06,595,poor,high,57,61,31636,57,6,High
9,Indiranagar,2024-07,333,poor,medium,16,23,5554,28,2,Medium
9,Indiranagar,2024-08,307,good,medium,83,75,20955,39,3,Low
9,Indiranagar,2024-09,398,average,low,59,77,4340,49,7,Medium
9,Indiranagar,2024-10,537,poor,medium,79,71,25251,52,6,High
9,Indiranagar,2024-11,192,good,medium,71,63,26661,31,4,Low
9,Indiranagar,2024-12,174,average,low,24,59,20796,19,2,Low
10,Electronic City,2022-01,301,average,high,80,73,24679,27,1,Low
10,Electronic City,2022-02,296,good,low,39,72,9977,23,3,Low
10,Electronic City,2022-03,361,average,medium,20,72,4351,51,8,High
10,Electronic City,2022-04,314,good,medium,53,70,31595,26,4,Low
10,Electronic City,2022-05,30,poor,medium,85,54,32545,26,1,Low
10,Electronic City,2022-06,526,good,medium,67,35,8762,37,2,Low
10,Electronic City,2022-07,521,poor,low,36,86,20070,50,4,High
10,Electronic City,2022-08,63,average,medium,56,38,27444,13,1,Low
10,Electronic City,2022-09,282,poor,low,27,28,15432,24,1,Medium
10,Electronic City,2022-10,394,poor,low,65,25,18406,24,2,Medium
10,Electronic City,2022-11,255,poor,low,37,60,4201,33,3,Low
10,Electronic City,2022-12,428,average,high,78,28,11960,47,3,Low
10,Electronic City,2023-01,598,poor,low,77,22,29977,42,6,High
10,Electronic City,2023-02,177,poor,low,15,57,16977,31,2,Medium
10,Electronic City,2023-03,117,average,high,57,71,25341,14,2,Low
10,Electronic City,2023-04,432,good,low,46,69,10265,43,4,Low
10,Electronic City,2023-05,352,poor,low,18,63,30374,28,3,High
10,Electronic City,2023-06,132,poor,low,31,76,19304,38,4,Medium
10,Electronic City,2023-07,163,average,low,66,68,24622,32,3,Low
10,Electronic City,2023-08,304,good,medium,44,77,26128,27,2,Low
10,Electronic City,2023-09,450,average,low,46,71,23929,46,5,Medium
10,Electronic City,2023-10,128,good,low,80,31,21779,17,1,Low
10,Electronic City,2023-11,29,average,medium,54,21,16777,25,3,Low
10,Electronic City,2023-12,181,good,low,39,33,6230,29,2,Low
10,Electronic City,2024-01,512,good,low,54,31,11419,40,5,Medium
10,Electronic City,2024-02,408,poor,medium,74,36,34695,33,4,Medium
10,Electronic City,2024-03,30,average,medium,59,72,4827,28,2,Low
10,Electronic City,2024-04,254,good,medium,27,43,13551,20,2,Low
10,Electronic City,2024-05,224,good,low,20,40,18113,21,2,Low
10,Electronic City,2024-06,159,average,low,54,42,22499,19,1,Low
10,Electronic City,2024-07,533,poor,medium,59,20,7665,55,5,High
10,Electronic City,2024-08,43,good,medium,21,51,26317,9,1,Low
10,Electronic City,2024-09,326,poor,high,26,73,26763,47,3,Medium
10,Electronic City,2024-10,226,poor,low,69,76,34481,28,2,Medium
10,Electronic City,2024-11,463,average,medium,41,74,26056,47,5,Medium
10,Electronic City,2024-12,501,good,low,48,42,21904,36,4,Low
11,Banashankari,2022-01,556,poor,high,36,65,15378,49,7,High
11,Banashankari,2022-02,206,average,low,77,81,11794,40,4,Low
11,Banashankari,2022-03,6,average,medium,59,58,8371,27,3,Low
11,Banashankari,2022-04,576,poor,medium,30,90,17914,63,7,High
11,Banashankari,2022-05,158,average,medium,66,46,7751,34,3,Low
11,Banashankari,2022-06,12,average,low,22,55,13958,11,1,Low
11,Banashankari,2022-07,316,average,low,56,76,19357,41,3,Low
11,Banashankari,2022-08,296,poor,low,16,79,28590,38,5,High
11,Banashankari,2022-09,339,good,medium,28,82,18229,40,4,Low
11,Banashankari,2022-10,556,average,low,26,56,24569,54,5,Medium
11,Banashankari,2022-11,251,poor,medium,18,70,31511,23,2,Medium
11,Banashankari,2022-12,376,poor,medium,36,33,29710,46,4,Medium
11,Banashankari,2023-01,334,average,medium,60,60,11544,34,4,Low
11,Banashankari,2023-02,564,good,high,47,50,5891,36,5,Medium
11,Banashankari,2023-03,580,good,high,66,26,34963,40,3,Low
11,Banashankari,2023-04,433,average,low,53,30,8649,48,5,Medium
11,Banashankari,2023-05,167,poor,medium,66,31,5308,25,1,Low
11,Banashankari,2023-06,195,poor,low,19,85,17940,21,2,Medium
11,Banashankari,2023-07,73,average,medium,68,63,6055,23,3,Low
11,Banashankari,2023-08,180,good,low,52,20,18521,36,3,Low
11,Banashankari,2023-09,581,poor,low,56,86,19088,52,3,High
11,Banashankari,2023-10,158,good,high,25,27,27683,32,2,Low
11,Banashankari,2023-11,304,average,medium,62,81,25512,43,5,Low
11,Banashankari,2023-12,306,good,medium,18,44,11290,41,3,Low
11,Banashankari,2024-01,87,poor,medium,68,66,21366,17,1,Low
11,Banashankari,2024-02,405,poor,low,40,90,28570,33,3,High
11,Banashankari,2024-03,259,average,low,47,82,11438,38,2,Low
11,Banashankari,2024-04,231,average,medium,80,30,31903,28,4,Low
11,Banashankari,2024-05,450,poor,medium,79,34,24532,50,3,Medium
11,Banashankari,2024-06,104,average,medium,84,41,10279,27,2,Low
11,Banashankari,2024-07,95,poor,medium,22,71,11762,12,1,Medium
11,Banashankari,2024-08,42,poor,medium,42,78,13828,11,1,Medium
11,Banashankari,2024-09,436,good,low,40,34,34064,50,4,Low
11,Banashankari,2024-10,172,average,high,16,52,8021,20,1,Low
11,Banashankari,2024-11,525,good,high,77,25,30756,50,4,Low
11,Banashankari,2024-12,102,average,low,29,24,34322,28,3,Low
12,Malleshwaram,2022-01,260,average,medium,17,76,7721,45,7,Medium
12,Malleshwaram,2022-02,499,poor,high,38,39,22161,39,3,Medium
12,Malleshwaram,2022-03,147,average,low,49,76,4452,14,1,Low
12,Malleshwaram,2022-04,154,average,medium,19,24,6444,15,1,Low
12,Malleshwaram,2022-05,487,good,medium,72,70,11510,51,3,Low
12,Malleshwaram,2022-06,77,average,medium,54,36,23307,26,4,Low
12,Malleshwaram,2022-07,216,poor,low,74,62,22908,31,2,Low
12,Malleshwaram,2022-08,362,average,low,76,62,11425,25,2,Low
12,Malleshwaram,2022-09,470,good,medium,33,38,12934,41,4,Low
12,Malleshwaram,2022-10,65,average,low,82,37,26892,7,0,Low
12,Malleshwaram,2022-11,97,good,medium,27,66,29949,19,2,Low
12,Malleshwaram,2022-12,144,average,low,58,66,20675,33,3,Low
12,Malleshwaram,2023-01,358,good,medium,57,27,27076,32,2,Low
12,Malleshwaram,2023-02,493,average,high,45,64,8941,36,4,Low
12,Malleshwaram,2023-03,7,good,medium,66,77,16978,24,2,Low
12,Malleshwaram,2023-04,172,average,low,54,52,27811,31,2,Low
12,Malleshwaram,2023-05,348,poor,low,25,42,13969,40,3,Medium
12,Malleshwaram,2023-06,479,average,medium,69,28,31478,43,3,Low
12,Malleshwaram,2023-07,179,poor,low,17,41,24527,21,2,Medium
12,Malleshwaram,2023-08,20,poor,low,40,56,32313,21,3,Low
12,Malleshwaram,2023-09,201,poor,low,31,26,6598,15,1,Low
12,Malleshwaram,2023-10,139,poor,low,16,61,34241,12,1,Medium
12,Malleshwaram,2023-11,329,average,medium,77,71,23981,45,4,Low
12,Malleshwaram,2023-12,178,poor,medium,20,31,24522,31,2,Medium
12,Malleshwaram,2024-01,506,good,low,74,21,4843,39,3,Low
12,Malleshwaram,2024-02,57,average,medium,57,40,7062,6,0,Low
12,Malleshwaram,2024-03,215,poor,medium,26,65,30673,28,2,Medium
12,Malleshwaram,2024-04,352,average,medium,34,62,11536,47,4,Low
12,Malleshwaram,2024-05,489,good,medium,54,90,27146,48,3,Medium
12,Malleshwaram,2024-06,284,average,medium,50,36,12287,18,1,Low
12,Malleshwaram,2024-07,487,poor,high,61,39,24607,37,3,Medium
12,Malleshwaram,2024-08,92,good,medium,30,27,21801,23,2,Low
12,Malleshwaram,2024-09,568,good,low,61,39,33584,39,4,Low
12,Malleshwaram,2024-10,541,poor,medium,46,76,32175,51,5,High
12,Malleshwaram,2024-11,352,good,low,42,61,29880,24,3,Low
12,Malleshwaram,2024-12,15,poor,medium,66,64,5965,13,1,Low
13,Koramangala,2022-01,31.6,good,medium,31,63.8,13931,165,8,Low
13,Koramangala,2022-02,91.9,good,medium,31.8,58.6,14387,190,6,Low
13,Koramangala,2022-03,64.3,good,medium,30.7,62.1,15947,203,7,Low
13,Koramangala,2022-04,142.5,good,medium,32.3,61.4,14373,199,9,Medium
13,Koramangala,2022-05,107.6,good,medium,31.1,63.7,14002,215,10,Medium
13,Koramangala,2022-06,219.7,good,medium,33.9,61.5,14319,242,11,Medium
13,Koramangala,2022-07,228.9,good,medium,32.5,64.1,13238,211,12,Medium
13,Koramangala,2022-08,153.4,good,medium,34.4,57.1,13773,239,8,Medium
13,Koramangala,2022-09,75.5,good,medium,32.7,67.2,15103,258,8,Medium
13,Koramangala,2022-10,197.2,good,medium,31,65.2,14457,213,9,Medium
13,Koramangala,2022-11,36,good,medium,30.4,65.8,12160,171,7,Low
13,Koramangala,2022-12,72.3,good,medium,31.3,65.4,13748,147,7,Low
13,Koramangala,2023-01,30.7,good,medium,32.7,59.7,13857,219,6,Low
13,Koramangala,2023-02,56.5,good,medium,33.7,52.8,14317,176,4,Low
13,Koramangala,2023-03,95.5,good,medium,33.8,58.1,14452,157,6,Low
13,Koramangala,2023-04,142.5,good,medium,29.7,58.3,13564,231,7,Medium
13,Koramangala,2023-05,80,good,medium,31.7,64.2,11763,219,8,Medium
13,Koramangala,2023-06,193.9,good,medium,28.8,64.5,14283,251,10,Medium
13,Koramangala,2023-07,160.1,good,medium,31.3,63.5,13459,266,11,Medium
13,Koramangala,2023-08,120.4,good,medium,29.6,63,13174,225,11,Medium
13,Koramangala,2023-09,143,good,medium,26.3,63.4,15566,248,10,Medium
13,Koramangala,2023-10,119.8,good,medium,33.1,62.4,16382,208,8,Medium
13,Koramangala,2023-11,67.4,good,medium,30.9,60.3,15890,187,7,Low
13,Koramangala,2023-12,105,good,medium,34.6,63.7,12584,239,7,Medium
13,Koramangala,2024-01,34,good,medium,28.2,59.8,14115,239,7,Low
13,Koramangala,2024-02,47.6,good,medium,29.7,62.3,13727,206,7,Low
13,Koramangala,2024-03,34.9,good,medium,30.4,59.2,14693,182,7,Low
13,Koramangala,2024-04,126.2,good,medium,34.3,60.2,13200,195,7,Medium
13,Koramangala,2024-05,111.9,good,medium,29.5,58.8,14039,206,7,Medium
13,Koramangala,2024-06,140.5,good,medium,31.4,65,13693,265,12,Medium
13,Koramangala,2024-07,181.8,good,medium,31.7,64.4,14068,304,12,Medium
13,Koramangala,2024-08,148.2,good,medium,29.1,56.9,15088,248,11,Medium
13,Koramangala,2024-09,220.7,good,medium,28.2,59.3,14735,259,10,Medium
13,Koramangala,2024-10,139.2,good,medium,34.8,53.1,15593,182,7,Medium
13,Koramangala,2024-11,51.1,good,medium,33.1,66.1,13502,203,8,Low
13,Koramangala,2024-12,42.9,good,medium,32.1,60.5,15283,216,7,Low
14,HSR Layout,2022-01,76.9,average,medium,22.4,35.9,19235,159,4,Low
14,HSR Layout,2022-02,61.6,average,medium,26.1,37,18143,146,6,Low
14,HSR Layout,2022-03,39.6,average,medium,25.5,36.5,18345,150,5,Low
14,HSR Layout,2022-04,66.7,average,medium,24,38.5,19120,170,5,Low
14,HSR Layout,2022-05,138.9,average,medium,26,38.2,19631,154,6,Medium
14,HSR Layout,2022-06,235.8,average,medium,23.6,32.3,16121,182,7,Medium
14,HSR Layout,2022-07,213.8,average,medium,29,34.5,19638,158,6,Medium
14,HSR Layout,2022-08,166.7,average,medium,25.7,39.2,18326,177,8,Medium
14,HSR Layout,2022-09,272.2,average,medium,24.8,40.4,16648,201,9,Medium
14,HSR Layout,2022-10,94.4,average,medium,24,33.3,19176,157,5,Low
14,HSR Layout,2022-11,41,average,medium,25.8,37.9,17805,175,6,Low
14,HSR Layout,2022-12,60.5,average,medium,29.8,38.2,18554,155,6,Low
14,HSR Layout,2023-01,64,average,medium,27,33.5,18746,146,4,Low
14,HSR Layout,2023-02,121.6,average,medium,25.1,33,18721,121,3,Low
14,HSR Layout,2023-03,53.5,average,medium,27.6,36.5,17454,149,4,Low
14,HSR Layout,2023-04,116.1,average,medium,24.2,39.5,19213,167,7,Medium
14,HSR Layout,2023-05,98.5,average,medium,28.7,35.8,18455,161,7,Medium
14,HSR Layout,2023-06,113.9,average,medium,27.4,28.5,18006,237,7,Medium
14,HSR Layout,2023-07,165.9,average,medium,25.7,39.9,18923,208,9,Medium
14,HSR Layout,2023-08,177.4,average,medium,26.7,35.9,18173,178,9,Medium
14,HSR Layout,2023-09,201.4,average,medium,22.3,37.4,20420,187,9,Medium
14,HSR Layout,2023-10,91,average,medium,25.5,31.2,18188,149,5,Low
14,HSR Layout,2023-11,93.8,average,medium,26.5,35.6,18942,135,5,Low
14,HSR Layout,2023-12,69.7,average,medium,24.6,32.3,17554,158,3,Low
14,HSR Layout,2024-01,13.3,average,medium,24.2,37.9,18775,163,7,Low
14,HSR Layout,2024-02,88.2,average,medium,28.7,38.1,18172,154,3,Low
14,HSR Layout,2024-03,75.6,average,medium,19.4,37.8,17813,151,5,Low
14,HSR Layout,2024-04,119.5,average,medium,22.6,40.2,18997,159,6,Medium
14,HSR Layout,2024-05,107.3,average,medium,27.3,33.7,19979,148,5,Medium
14,HSR Layout,2024-06,115.4,average,medium,25.3,35.8,17961,197,9,Medium
14,HSR Layout,2024-07,104.5,average,medium,23.8,32,17949,172,9,Medium
14,HSR Layout,2024-08,151.3,average,medium,18.9,32.6,17959,168,9,Medium
14,HSR Layout,2024-09,119.5,average,medium,28.3,39.5,18606,221,10,Medium
14,HSR Layout,2024-10,109.8,average,medium,27.5,37.5,19655,209,7,Medium
14,HSR Layout,2024-11,102.7,average,medium,24.7,46.9,17952,154,6,Medium
14,HSR Layout,2024-12,100.4,average,medium,23.6,35,18998,146,5,Medium
15,Marathahalli,2022-01,77.9,poor,low,15.8,84.7,21782,219,13,Medium
15,Marathahalli,2022-02,55.4,poor,low,19.1,81,21831,228,11,Medium
15,Marathahalli,2022-03,54.8,poor,low,17.3,77.6,20462,236,12,Medium
15,Marathahalli,2022-04,94.3,poor,low,17.9,81.1,21486,243,16,High
15,Marathahalli,2022-05,127.8,poor,low,20.4,84.5,21854,277,15,High
15,Marathahalli,2022-06,236,poor,low,16.3,86.4,22560,311,19,High
15,Marathahalli,2022-07,228.5,poor,low,13,81.6,22399,314,18,High
15,Marathahalli,2022-08,253.8,poor,low,19.6,82.5,21373,316,20,High
15,Marathahalli,2022-09,191.2,poor,low,21.4,85.6,21796,319,19,High
15,Marathahalli,2022-10,152.6,poor,low,17.8,85.4,21315,293,15,High
15,Marathahalli,2022-11,51.6,poor,low,18.1,80,21434,225,12,Medium
15,Marathahalli,2022-12,54.1,poor,low,18.8,80.8,21582,270,12,Medium
15,Marathahalli,2023-01,56.9,poor,low,14.9,81.6,20997,251,13,Medium
15,Marathahalli,2023-02,102.5,poor,low,19,84.5,22313,255,13,High
15,Marathahalli,2023-03,104.8,poor,low,15.6,82.5,21206,245,12,High
15,Marathahalli,2023-04,120.7,poor,low,23.8,81.4,21885,251,15,High
15,Marathahalli,2023-05,104.1,poor,low,17.9,79.4,22580,248,14,High
15,Marathahalli,2023-06,239.9,poor,low,17.3,87.1,22141,284,17,High
15,Marathahalli,2023-07,164.1,poor,low,25.5,75,21227,304,20,High
15,Marathahalli,2023-08,196,poor,low,17.4,86.5,21853,315,19,High
15,Marathahalli,2023-09,182.6,poor,low,20.1,85.6,20841,309,18,High
15,Marathahalli,2023-10,110.9,poor,low,17,81.5,22383,261,15,High
15,Marathahalli,2023-11,124.2,poor,low,19.5,80.8,20645,227,11,High
15,Marathahalli,2023-12,56.5,poor,low,20.6,85.6,21209,224,13,Medium
15,Marathahalli,2024-01,52.2,poor,low,17.2,79.8,23220,246,12,Medium
15,Marathahalli,2024-02,88.9,poor,low,18.4,82.4,21435,243,13,Medium
15,Marathahalli,2024-03,70.4,poor,low,17.7,81.8,20993,222,12,Medium
15,Marathahalli,2024-04,93.1,poor,low,17.5,81.4,21200,294,15,High
15,Marathahalli,2024-05,162.9,poor,low,17.7,82.4,22345,231,14,High
15,Marathahalli,2024-06,160.8,poor,low,18.1,78.6,22670,302,17,High
15,Marathahalli,2024-07,264.4,poor,low,14.9,80.4,22283,331,17,High
15,Marathahalli,2024-08,115.7,poor,low,16.6,82.3,22148,297,18,High
15,Marathahalli,2024-09,158.6,poor,low,19.2,81.7,22787,352,19,High
15,Marathahalli,2024-10,77.8,poor,low,19.6,78.8,22828,276,13,Medium
15,Marathahalli,2024-11,41.8,poor,low,16.2,78.7,21460,247,10,Medium
15,Marathahalli,2024-12,58.3,poor,low,19.1,82.2,21610,249,10,Medium
16,Bellandur,2022-01,65.1,poor,low,14.8,73.2,25723,203,11,Medium
16,Bellandur,2022-02,95.1,poor,low,12.1,79.9,23269,247,8,Medium
16,Bellandur,2022-03,71,poor,low,17.6,78.5,23178,217,8,Medium
16,Bellandur,2022-04,105.2,poor,low,14.4,81.2,23617,246,11,High
16,Bellandur,2022-05,147,poor,low,16.6,79.7,23391,234,10,High
16,Bellandur,2022-06,215.5,poor,low,11.7,72.7,21592,289,14,High
16,Bellandur,2022-07,109.1,poor,low,13.5,76.2,21672,264,12,High
16,Bellandur,2022-08,191.1,poor,low,12.8,74,21180,324,13,High
16,Bellandur,2022-09,114.7,poor,low,12.7,76.5,22045,257,12,High
16,Bellandur,2022-10,76.2,poor,low,8,75.4,21860,265,12,Medium
16,Bellandur,2022-11,19.1,poor,low,13,75.9,23031,209,10,Medium
16,Bellandur,2022-12,88.5,poor,low,15.5,76.4,23589,233,9,Medium
16,Bellandur,2023-01,66.2,poor,low,11.5,76.5,23683,239,10,Medium
16,Bellandur,2023-02,63.7,poor,low,12.2,68.1,22802,222,9,Medium
16,Bellandur,2023-03,51.2,poor,low,11.2,74.5,22651,264,11,Medium
16,Bellandur,2023-04,125.2,poor,low,15.4,75.3,22967,273,11,High
16,Bellandur,2023-05,87.8,poor,low,12.3,79.1,23159,263,11,Medium
16,Bellandur,2023-06,244.7,poor,low,16.5,86,22156,298,14,High
16,Bellandur,2023-07,181.3,poor,low,9.8,77.2,22283,323,13,High
16,Bellandur,2023-08,185.3,poor,low,11.9,82.2,22493,281,13,High
16,Bellandur,2023-09,181,poor,low,9.4,79.1,22390,316,14,High
16,Bellandur,2023-10,105.2,poor,low,16.1,75.6,21068,281,11,Medium
16,Bellandur,2023-11,97.3,poor,low,9,77.1,23106,227,10,Medium
16,Bellandur,2023-12,63.1,poor,low,11.5,76.4,22195,259,12,Medium
16,Bellandur,2024-01,81.2,poor,low,15,80.9,22514,267,9,Medium
16,Bellandur,2024-02,104.6,poor,low,12.7,70.7,22974,225,10,Medium
16,Bellandur,2024-03,48.4,poor,low,11.8,79.7,22684,228,10,Medium
16,Bellandur,2024-04,57.9,poor,low,13.5,74.7,22031,215,12,Medium
16,Bellandur,2024-05,101.8,poor,low,11.7,80.9,23722,257,12,High
16,Bellandur,2024-06,181.7,poor,low,15.7,78.1,24095,328,13,High
16,Bellandur,2024-07,157.6,poor,low,13.5,71.5,22865,293,13,High
16,Bellandur,2024-08,164.1,poor,low,8,72.5,22218,284,15,High
16,Bellandur,2024-09,213.6,poor,low,12.2,75,24197,298,17,High
16,Bellandur,2024-10,98.6,poor,low,14.2,78.9,23318,286,10,High
16,Bellandur,2024-11,46.2,poor,low,13.1,82.4,24082,277,11,Medium
16,Bellandur,2024-12,72.1,poor,low,14.7,86.1,21976,266,11,Medium
17,Sarjapur Road,2022-01,61.5,poor,low,22,67.4,20789,265,8,Medium
17,Sarjapur Road,2022-02,47.2,poor,low,21.7,66.1,21582,286,11,Medium
17,Sarjapur Road,2022-03,80.8,poor,low,24.3,64.8,21761,225,10,Medium
17,Sarjapur Road,2022-04,140.3,poor,low,25.4,65.9,21708,301,13,High
17,Sarjapur Road,2022-05,136.3,poor,low,19.8,66.7,22460,248,11,Medium
17,Sarjapur Road,2022-06,180.7,poor,low,22.9,65.6,21044,329,13,High
17,Sarjapur Road,2022-07,154.2,poor,low,22.2,70.8,21488,321,13,High
17,Sarjapur Road,2022-08,231,poor,low,18.5,65,19985,288,13,High
17,Sarjapur Road,2022-09,197.4,poor,low,20,64.3,22182,324,15,High
17,Sarjapur Road,2022-10,146.3,poor,low,21.2,70.9,21866,271,13,High
17,Sarjapur Road,2022-11,50.9,poor,low,20,67.9,21887,241,10,Medium
17,Sarjapur Road,2022-12,81.3,poor,low,17.3,68,22618,267,8,Medium
17,Sarjapur Road,2023-01,55.7,poor,low,18.4,68.2,20453,261,9,Medium
17,Sarjapur Road,2023-02,89.8,poor,low,18,66.8,21535,250,10,Medium
17,Sarjapur Road,2023-03,91.2,poor,low,20.6,73.3,20931,275,10,Medium
17,Sarjapur Road,2023-04,135.1,poor,low,19.3,68.6,19584,271,13,High
17,Sarjapur Road,2023-05,101.8,poor,low,22.5,66.9,22394,252,13,Medium
17,Sarjapur Road,2023-06,172.2,poor,low,20,69.3,21749,313,16,High
17,Sarjapur Road,2023-07,145,poor,low,21,72.3,20162,332,15,High
17,Sarjapur Road,2023-08,240.7,poor,low,21.1,67.6,23729,300,14,High
17,Sarjapur Road,2023-09,152.7,poor,low,23.2,68.9,20706,302,14,High
17,Sarjapur Road,2023-10,167.7,poor,low,18.1,69,19679,261,11,High
17,Sarjapur Road,2023-11,74.8,poor,low,21.3,69.1,21810,256,9,Medium
17,Sarjapur Road,2023-12,21.4,poor,low,20.9,64.3,20467,245,9,Medium
17,Sarjapur Road,2024-01,67.3,poor,low,24.3,57.2,21290,168,8,Medium
17,Sarjapur Road,2024-02,11.8,poor,low,23,58,21478,239,9,Medium
17,Sarjapur Road,2024-03,17.8,poor,low,17.5,66.5,21450,260,8,Medium
17,Sarjapur Road,2024-04,62,poor,low,21.6,59.4,21297,259,12,Medium
17,Sarjapur Road,2024-05,129.4,poor,low,21.8,69.5,20669,279,10,Medium
17,Sarjapur Road,2024-06,171.6,poor,low,23.7,67,21637,290,14,High
17,Sarjapur Road,2024-07,125.1,poor,low,21.8,67.5,20158,264,15,Medium
17,Sarjapur Road,2024-08,225,poor,low,20.7,67.7,20644,324,15,High
17,Sarjapur Road,2024-09,148.9,poor,low,22.7,66.5,21744,308,15,High
17,Sarjapur Road,2024-10,81.1,poor,low,19.3,66.9,20399,272,11,Medium
17,Sarjapur Road,2024-11,76.9,poor,low,21.4,69.1,20308,237,11,Medium
17,Sarjapur Road,2024-12,87.2,poor,low,21.9,70.8,21892,256,9,Medium
18,Basavanagudi,2022-01,93.5,average,high,40.7,34.7,15199,160,5,Low
18,Basavanagudi,2022-02,70.6,average,high,46.8,32.7,12658,147,4,Low
18,Basavanagudi,2022-03,60.8,average,high,41.9,38.6,16304,178,5,Low
18,Basavanagudi,2022-04,123.4,average,high,49.2,38.1,14920,167,8,Low
18,Basavanagudi,2022-05,121.8,average,high,44.8,36.8,15997,186,6,Low
18,Basavanagudi,2022-06,196.6,average,high,45.8,35.5,13609,222,9,Medium
18,Basavanagudi,2022-07,202,average,high,42.1,40.9,14872,212,10,Medium
18,Basavanagudi,2022-08,47.9,average,high,43.4,35.8,15246,205,10,Low
18,Basavanagudi,2022-09,126.2,average,high,45.1,34.7,14024,192,7,Low
18,Basavanagudi,2022-10,103.2,average,high,45.5,39.6,14772,164,6,Low
18,Basavanagudi,2022-11,90.4,average,high,42.7,35,14551,130,5,Low
18,Basavanagudi,2022-12,84.1,average,high,48.5,42.2,15160,195,7,Low
18,Basavanagudi,2023-01,57,average,high,44.3,34.7,13637,158,5,Low
18,Basavanagudi,2023-02,75,average,high,44.8,30.5,14410,158,4,Low
18,Basavanagudi,2023-03,65.4,average,high,43.4,33,14778,138,5,Low
18,Basavanagudi,2023-04,119.9,average,high,41.2,40.3,14852,171,6,Low
18,Basavanagudi,2023-05,164.2,average,high,48.1,35.8,14025,204,8,Medium
18,Basavanagudi,2023-06,234.1,average,high,46.9,37.3,12784,233,8,Medium
18,Basavanagudi,2023-07,229,average,high,44.6,38.5,13405,198,10,Medium
18,Basavanagudi,2023-08,213.4,average,high,39,36.6,14269,248,8,Medium
18,Basavanagudi,2023-09,151.6,average,high,45.7,39.8,15244,234,8,Medium
18,Basavanagudi,2023-10,137.1,average,high,39.6,38.6,13557,161,7,Low
18,Basavanagudi,2023-11,60.1,average,high,45.3,35,15774,149,5,Low
18,Basavanagudi,2023-12,54.2,average,high,42.2,33.7,13792,185,2,Low
18,Basavanagudi,2024-01,62.8,average,high,43.4,37.7,13998,204,5,Low
18,Basavanagudi,2024-02,78.6,average,high,43.3,37.8,15010,163,5,Low
18,Basavanagudi,2024-03,78.5,average,high,44.9,34.4,15703,187,4,Low
18,Basavanagudi,2024-04,149.1,average,high,46,36.4,15304,228,6,Medium
18,Basavanagudi,2024-05,128.6,average,high,46.6,43.7,13309,221,6,Medium
18,Basavanagudi,2024-06,173.8,average,high,45.6,34.6,13966,202,9,Medium
18,Basavanagudi,2024-07,247,average,high,43.3,41.5,14805,235,9,Medium
18,Basavanagudi,2024-08,233.4,average,high,45,36.7,15474,210,8,Medium
18,Basavanagudi,2024-09,195,average,high,46.3,34.8,14230,211,7,Medium
18,Basavanagudi,2024-10,114.6,average,high,45.2,36,15926,168,5,Low
18,Basavanagudi,2024-11,101.4,average,high,42.3,40.8,13528,161,4,Low
18,Basavanagudi,2024-12,50.3,average,high,42.9,34.7,15178,161,5,Low
19,Vijayanagar,2022-01,43.5,average,high,35.1,48,10189,123,4,Low
19,Vijayanagar,2022-02,83.6,average,high,33.2,36.5,10243,79,4,Low
19,Vijayanagar,2022-03,32.6,average,high,35.7,47.7,11979,105,4,Low
19,Vijayanagar,2022-04,122,average,high,29.8,48.8,11145,120,7,Low
19,Vijayanagar,2022-05,134.4,average,high,36.1,47.9,10237,143,7,Low
19,Vijayanagar,2022-06,104.7,average,high,34.7,45.2,10633,142,7,Low
19,Vijayanagar,2022-07,189.4,average,high,38,42,9737,115,8,Medium
19,Vijayanagar,2022-08,88.9,average,high,34.2,46,9091,105,7,Low
19,Vijayanagar,2022-09,215.7,average,high,38.2,43.4,10305,148,7,Medium
19,Vijayanagar,2022-10,111.7,average,high,39.3,43.4,10161,116,6,Low
19,Vijayanagar,2022-11,73.3,average,high,35.7,44.1,10691,84,5,Low
19,Vijayanagar,2022-12,44.8,average,high,43.6,44.4,10166,54,5,Low
19,Vijayanagar,2023-01,74.6,average,high,38.9,44.3,10717,109,3,Low
19,Vijayanagar,2023-02,24.2,average,high,33.7,50.8,8843,105,7,Low
19,Vijayanagar,2023-03,38.9,average,high,35,45.8,9680,111,3,Low
19,Vijayanagar,2023-04,47.6,average,high,35.5,46.7,11420,88,6,Low
19,Vijayanagar,2023-05,118.4,average,high,39,49,8871,109,7,Low
19,Vijayanagar,2023-06,95.3,average,high,34.4,50.1,8924,136,10,Low
19,Vijayanagar,2023-07,108.2,average,high,37.5,43.1,9166,144,9,Low
19,Vijayanagar,2023-08,158.2,average,high,40,43.2,9730,119,8,Low
19,Vijayanagar,2023-09,148.7,average,high,34.2,41.2,8996,155,8,Low
19,Vijayanagar,2023-10,136.1,average,high,36,43.2,9995,101,5,Low
19,Vijayanagar,2023-11,25.9,average,high,36.9,45.9,9684,127,6,Low
19,Vijayanagar,2023-12,92.5,average,high,40.8,43,10231,67,4,Low
19,Vijayanagar,2024-01,85.9,average,high,33,48.2,12406,87,4,Low
19,Vijayanagar,2024-02,59,average,high,37.5,44.7,10740,107,5,Low
19,Vijayanagar,2024-03,33.9,average,high,37.2,48.1,13018,77,6,Low
19,Vijayanagar,2024-04,105.4,average,high,36.8,34.2,10702,90,7,Low
19,Vijayanagar,2024-05,94.7,average,high,33.5,44,11681,89,7,Low
19,Vijayanagar,2024-06,156.9,average,high,32.7,42.1,9682,130,9,Medium
19,Vijayanagar,2024-07,153.6,average,high,39.4,50,11451,124,9,Medium
19,Vijayanagar,2024-08,229.6,average,high,36.2,43.3,12350,123,8,Medium
19,Vijayanagar,2024-09,236.6,average,high,37.2,43.9,9659,158,8,Medium
19,Vijayanagar,2024-10,159.1,average,high,33.6,42.8,9277,133,6,Low
19,Vijayanagar,2024-11,77.9,average,high,41.7,44.1,10711,116,5,Low
19,Vijayanagar,2024-12,22.2,average,high,37.4,43.4,9305,128,5,Low
20,Kengeri,2022-01,62.3,poor,low,22.9,79.3,17396,395,11,Medium
20,Kengeri,2022-02,56.5,poor,low,24.2,87,17717,332,12,Medium
20,Kengeri,2022-03,52,poor,low,21.8,83.8,18692,366,10,Medium
20,Kengeri,2022-04,62.8,poor,low,23.8,81.2,18305,426,13,Medium
20,Kengeri,2022-05,124.4,poor,low,20.3,83.1,18154,409,14,High
20,Kengeri,2022-06,97.4,poor,low,20.4,86.3,20122,467,19,High
20,Kengeri,2022-07,114.7,poor,low,24.7,81.8,17001,470,18,High
20,Kengeri,2022-08,205.4,poor,low,17.5,82.5,17716,484,18,High
20,Kengeri,2022-09,118,poor,low,21.3,79.1,18643,481,18,High
20,Kengeri,2022-10,148.3,poor,low,18,81.1,18478,423,15,High
20,Kengeri,2022-11,63.3,poor,low,21.1,83.4,18097,360,12,Medium
20,Kengeri,2022-12,27.9,poor,low,24.6,82.3,16916,378,11,Medium
20,Kengeri,2023-01,123.9,poor,low,17.3,82.7,16884,378,13,High
20,Kengeri,2023-02,71.9,poor,low,17.9,84.1,16704,334,11,Medium
20,Kengeri,2023-03,36.2,poor,low,24.7,85.8,18139,377,12,Medium
20,Kengeri,2023-04,85.9,poor,low,24.9,85,17982,416,13,High
20,Kengeri,2023-05,134,poor,low,20.5,81.8,18779,370,15,High
20,Kengeri,2023-06,176.1,poor,low,24.1,81.6,17003,487,16,High
20,Kengeri,2023-07,186.5,poor,low,16.6,84,17372,453,18,High
20,Kengeri,2023-08,204.3,poor,low,26,84,18118,453,14,High
20,Kengeri,2023-09,141,poor,low,20.8,82.9,17049,480,18,High
20,Kengeri,2023-10,52.3,poor,low,23.8,82.6,18915,453,14,High
20,Kengeri,2023-11,88.6,poor,low,19.7,85,18645,391,13,High
20,Kengeri,2023-12,23.8,poor,low,18.5,77.9,18602,333,11,Medium
20,Kengeri,2024-01,97.7,poor,low,20.8,79.4,16569,378,9,Medium
20,Kengeri,2024-02,46.5,poor,low,22.2,81.8,17447,394,12,Medium
20,Kengeri,2024-03,69.2,poor,low,17.8,77.8,18879,373,11,Medium
20,Kengeri,2024-04,105.8,poor,low,22,84.2,18222,471,13,High
20,Kengeri,2024-05,105.1,poor,low,20.1,85,16617,395,14,High
20,Kengeri,2024-06,170.7,poor,low,21.3,84.2,17964,447,19,High
20,Kengeri,2024-07,137.8,poor,low,23.6,84.5,18992,460,18,High
20,Kengeri,2024-08,144,poor,low,16.3,82.8,17738,499,19,High
20,Kengeri,2024-09,114.9,poor,low,17.3,76.5,17115,422,16,High
20,Kengeri,2024-10,137.1,poor,low,22.1,83.5,17639,398,13,High
20,Kengeri,2024-11,42.4,poor,low,17.7,82.8,17656,359,12,Medium
20,Kengeri,2024-12,50.1,poor,low,20.6,88.4,18619,372,14,Medium
21,JP Nagar,2022-01,63.6,good,medium,31.1,49.3,10823,178,4,Low
21,JP Nagar,2022-02,38.4,good,medium,29.2,44.8,10839,196,5,Low
21,JP Nagar,2022-03,66.8,good,medium,32.5,53.4,10779,201,2,Low
21,JP Nagar,2022-04,119.1,good,medium,34.5,48.7,10417,229,3,Low
21,JP Nagar,2022-05,105,good,medium,33.5,48.4,10969,222,6,Low
21,JP Nagar,2022-06,214,good,medium,34.1,47.7,10198,257,5,Medium
21,JP Nagar,2022-07,146.9,good,medium,33.6,48,10332,226,6,Medium
21,JP Nagar,2022-08,192.9,good,medium,30,48.6,10145,207,3,Medium
21,JP Nagar,2022-09,107.2,good,medium,32.5,52.7,11226,222,6,Low
21,JP Nagar,2022-10,121.1,good,medium,30.7,50.2,10893,208,3,Low
21,JP Nagar,2022-11,53.5,good,medium,25.7,45,11536,145,3,Low
21,JP Nagar,2022-12,55,good,medium,34.3,48.4,11228,154,4,Low
21,JP Nagar,2023-01,79.2,good,medium,28.3,50.4,10539,175,2,Low
21,JP Nagar,2023-02,46.1,good,medium,35.4,49.7,9161,186,3,Low
21,JP Nagar,2023-03,48,good,medium,31.8,52.1,11365,156,1,Low
21,JP Nagar,2023-04,65.6,good,medium,30,52.6,11409,195,4,Low
21,JP Nagar,2023-05,112.8,good,medium,33.9,50.2,9152,223,3,Low
21,JP Nagar,2023-06,129.3,good,medium,32.7,49.9,10786,203,7,Low
21,JP Nagar,2023-07,143.1,good,medium,33.8,54.1,9459,227,6,Medium
21,JP Nagar,2023-08,104,good,medium,35.7,48.3,10834,219,5,Low
21,JP Nagar,2023-09,257.7,good,medium,32.7,48.5,10089,226,4,Medium
21,JP Nagar,2023-10,66.8,good,medium,30.2,55.4,10462,255,5,Low
21,JP Nagar,2023-11,71.3,good,medium,33.6,47.2,9678,140,3,Low
21,JP Nagar,2023-12,58.6,good,medium,31.3,47.3,11022,196,4,Low
21,JP Nagar,2024-01,65.5,good,medium,35.6,51.5,11227,185,4,Low
21,JP Nagar,2024-02,106.5,good,medium,27.6,46.7,9947,195,2,Low
21,JP Nagar,2024-03,28,good,medium,32.1,51.9,11613,206,3,Low
21,JP Nagar,2024-04,72.9,good,medium,31.8,50.9,12324,219,5,Low
21,JP Nagar,2024-05,112,good,medium,31.6,51.9,9890,201,3,Low
21,JP Nagar,2024-06,186.2,good,medium,31.4,50.9,11422,196,5,Medium
21,JP Nagar,2024-07,129,good,medium,35.9,46.9,11196,213,3,Low
21,JP Nagar,2024-08,164.3,good,medium,34.4,46.9,10507,197,7,Medium
21,JP Nagar,2024-09,110.2,good,medium,32.8,48.7,9716,225,5,Low
21,JP Nagar,2024-10,68.3,good,medium,35,55.2,10857,237,5,Low
21,JP Nagar,2024-11,77,good,medium,32.7,50.8,10568,157,4,Low
21,JP Nagar,2024-12,56.3,good,medium,32.6,50.8,10825,184,4,Low
22,Ulsoor,2022-01,27.9,average,high,33.4,33.1,12289,160,4,Low
22,Ulsoor,2022-02,55.1,average,high,32.2,32.3,12910,183,4,Low
22,Ulsoor,2022-03,79.3,average,high,29.9,37.4,13653,180,5,Low
22,Ulsoor,2022-04,109.6,average,high,33,38.6,12216,233,7,Low
22,Ulsoor,2022-05,130.7,average,high,28.9,35.4,13337,218,7,Medium
22,Ulsoor,2022-06,193.3,average,high,37,38,12388,270,8,Medium
22,Ulsoor,2022-07,181.5,average,high,33,38.3,13513,254,11,Medium
22,Ulsoor,2022-08,155,average,high,32.8,33.6,13280,253,10,Medium
22,Ulsoor,2022-09,155.7,average,high,38.1,34.9,13363,266,9,Medium
22,Ulsoor,2022-10,107.5,average,high,35.8,35.9,14690,246,6,Low
22,Ulsoor,2022-11,72.4,average,high,32,35.8,13403,201,5,Low
22,Ulsoor,2022-12,57.5,average,high,33,33.8,12739,220,6,Low
22,Ulsoor,2023-01,92.3,average,high,31.9,36.6,11628,237,7,Low
22,Ulsoor,2023-02,95.1,average,high,32.8,32.1,11840,194,4,Low
22,Ulsoor,2023-03,68.8,average,high,32.3,37.1,13904,188,4,Low
22,Ulsoor,2023-04,173.1,average,high,29.6,39.2,13720,236,6,Medium
22,Ulsoor,2023-05,126.3,average,high,34.3,38.8,13825,229,7,Medium
22,Ulsoor,2023-06,186.3,average,high,36,31.5,13375,245,9,Medium
22,Ulsoor,2023-07,160.6,average,high,35,37.2,14022,297,8,Medium
22,Ulsoor,2023-08,165.6,average,high,32,32.1,14109,263,10,Medium
22,Ulsoor,2023-09,292,average,high,30.5,35,13839,243,10,Medium
22,Ulsoor,2023-10,90.2,average,high,33.8,32.9,12955,255,7,Low
22,Ulsoor,2023-11,52.1,average,high,32.5,35,13510,161,5,Low
22,Ulsoor,2023-12,67.6,average,high,31.3,40.1,14235,185,5,Low
22,Ulsoor,2024-01,41.3,average,high,33.6,44.4,13526,226,4,Low
22,Ulsoor,2024-02,13.9,average,high,33.5,37.5,14145,197,5,Low
22,Ulsoor,2024-03,64.4,average,high,32,36.4,13896,196,5,Low
22,Ulsoor,2024-04,108.6,average,high,35.8,33.3,14213,210,6,Low
22,Ulsoor,2024-05,88.4,average,high,37.5,36,13940,208,5,Low
22,Ulsoor,2024-06,235.8,average,high,29.9,36.1,14393,235,9,Medium
22,Ulsoor,2024-07,156.6,average,high,34.7,35.7,13794,255,10,Medium
22,Ulsoor,2024-08,178.2,average,high,32.6,41.4,14902,263,9,Medium
22,Ulsoor,2024-09,151.4,average,high,31.5,34.7,14724,236,8,Medium
22,Ulsoor,2024-10,90.6,average,high,37,33.4,14089,225,5,Low
22,Ulsoor,2024-11,79.3,average,high,36.1,33,13647,203,4,Low
22,Ulsoor,2024-12,55.2,average,high,31.8,30.4,12238,176,4,Low
23,RT Nagar,2022-01,27.7,good,medium,29.8,37.6,15581,101,0,Low
23,RT Nagar,2022-02,62.1,good,medium,28.5,42.3,15184,30,0,Low
23,RT Nagar,2022-03,52,good,medium,30,41.3,15716,45,0,Low
23,RT Nagar,2022-04,133.2,good,medium,31.9,38.6,13736,22,0,Low
23,RT Nagar,2022-05,133,good,medium,28.9,39.5,15951,116,4,Low
23,RT Nagar,2022-06,163.2,good,medium,24.9,39.6,14525,72,2,Low
23,RT Nagar,2022-07,154.8,good,medium,30.5,37.5,15964,91,2,Low
23,RT Nagar,2022-08,114.3,good,medium,26.7,38.4,16103,87,1,Low
23,RT Nagar,2022-09,158.8,good,medium,25.4,40.7,15499,78,0,Low
23,RT Nagar,2022-10,59.5,good,medium,27,41.5,15566,53,0,Low
23,RT Nagar,2022-11,53.6,good,medium,31.1,36.5,14732,46,0,Low
23,RT Nagar,2022-12,45.3,good,medium,29.8,29.4,14491,80,2,Low
23,RT Nagar,2023-01,91.6,good,medium,33.8,41.3,15207,41,0,Low
23,RT Nagar,2023-02,62.7,good,medium,30.1,40.8,15010,54,1,Low
23,RT Nagar,2023-03,107.4,good,medium,29.3,41.5,14027,48,3,Low
23,RT Nagar,2023-04,97.8,good,medium,32.4,45.6,16868,74,1,Low
23,RT Nagar,2023-05,112.4,good,medium,24.3,41.7,15217,74,2,Low
23,RT Nagar,2023-06,179.1,good,medium,26.3,42.6,15027,66,3,Low
23,RT Nagar,2023-07,152.1,good,medium,32.9,43.8,14857,51,1,Low
23,RT Nagar,2023-08,172.1,good,medium,31.1,34.3,16742,85,2,Low
23,RT Nagar,2023-09,153.4,good,medium,28.2,38.1,15229,60,2,Low
23,RT Nagar,2023-10,106.1,good,medium,30.1,35.1,15393,59,1,Low
23,RT Nagar,2023-11,31.7,good,medium,28.1,44.7,14699,58,1,Low
23,RT Nagar,2023-12,44.7,good,medium,34.1,40.6,14558,111,0,Low
23,RT Nagar,2024-01,66.6,good,medium,29.4,38.9,16076,83,0,Low
23,RT Nagar,2024-02,76.2,good,medium,33.3,38.2,16337,60,1,Low
23,RT Nagar,2024-03,81.4,good,medium,29.7,36.5,14160,35,3,Low
23,RT Nagar,2024-04,122.2,good,medium,28.9,43.7,14844,50,0,Low
23,RT Nagar,2024-05,97.6,good,medium,29,41.1,15080,17,0,Low
23,RT Nagar,2024-06,201.3,good,medium,31.3,38.6,16687,86,0,Low
23,RT Nagar,2024-07,136,good,medium,29.4,38.2,16693,100,1,Low
23,RT Nagar,2024-08,130.4,good,medium,28.8,39.6,14859,78,2,Low
23,RT Nagar,2024-09,187.4,good,medium,33.1,38,13095,96,2,Low
23,RT Nagar,2024-10,97.4,good,medium,27.8,40.9,13597,33,1,Low
23,RT Nagar,2024-11,41.6,good,medium,29.6,36.3,15774,36,1,Low
23,RT Nagar,2024-12,66.2,good,medium,29.4,43.8,15543,77,1,Low
24,Bannerghatta Road,2022-01,77.5,poor,low,21.5,84.4,17254,386,14,High
24,Bannerghatta Road,2022-02,54.9,poor,low,14,78.2,17411,363,12,Medium
24,Bannerghatta Road,2022-03,54.9,poor,low,17,77.6,17471,350,13,Medium
24,Bannerghatta Road,2022-04,127.5,poor,low,17.5,81.5,14337,460,16,High
24,Bannerghatta Road,2022-05,156.8,poor,low,14.9,79.8,15041,408,16,High
24,Bannerghatta Road,2022-06,95.5,poor,low,16.2,85,17012,455,19,High
24,Bannerghatta Road,2022-07,180,poor,low,21.1,84.3,15679,476,22,High
24,Bannerghatta Road,2022-08,169.6,poor,low,19.9,80.8,16282,475,22,High
24,Bannerghatta Road,2022-09,152.8,poor,low,15.4,83.2,18224,486,22,High
24,Bannerghatta Road,2022-10,89.3,poor,low,18.6,82.9,15696,403,16,High
24,Bannerghatta Road,2022-11,59.2,poor,low,19.9,80.9,17098,357,14,Medium
24,Bannerghatta Road,2022-12,73.6,poor,low,18.5,79.5,15713,406,14,Medium
24,Bannerghatta Road,2023-01,63.2,poor,low,15.6,78.8,17678,395,13,Medium
24,Bannerghatta Road,2023-02,69.6,poor,low,20.4,80.1,16100,350,14,Medium
24,Bannerghatta Road,2023-03,42.6,poor,low,18.4,82.7,15946,392,14,Medium
24,Bannerghatta Road,2023-04,85.1,poor,low,18.8,84,17665,445,17,High
24,Bannerghatta Road,2023-05,111.6,poor,low,19.5,80,17290,412,16,High
24,Bannerghatta Road,2023-06,182.1,poor,low,23.5,83.8,16738,469,22,High
24,Bannerghatta Road,2023-07,125.4,poor,low,19.8,86.8,16752,490,22,High
24,Bannerghatta Road,2023-08,155.5,poor,low,20.5,80.3,16163,452,21,High
24,Bannerghatta Road,2023-09,212.9,poor,low,21.2,83.1,17801,456,21,High
24,Bannerghatta Road,2023-10,123.2,poor,low,18.3,78.3,15982,390,18,High
24,Bannerghatta Road,2023-11,48.2,poor,low,18.7,83.4,16587,377,14,Medium
24,Bannerghatta Road,2023-12,81,poor,low,18.3,79.1,14819,420,13,Medium
24,Bannerghatta Road,2024-01,17.3,poor,low,22.1,80.9,14176,392,13,Medium
24,Bannerghatta Road,2024-02,48,poor,low,15,79.4,16371,371,13,Medium
24,Bannerghatta Road,2024-03,85.1,poor,low,18.4,81.2,14940,387,12,Medium
24,Bannerghatta Road,2024-04,59.7,poor,low,15.3,85.6,17300,446,18,High
24,Bannerghatta Road,2024-05,140.5,poor,low,20.5,77.9,16213,426,17,High
24,Bannerghatta Road,2024-06,143.3,poor,low,19.9,81.4,15871,454,21,High
24,Bannerghatta Road,2024-07,192.5,poor,low,19,83.3,17033,502,22,High
24,Bannerghatta Road,2024-08,206.4,poor,low,15.8,82.7,15767,514,20,High
24,Bannerghatta Road,2024-09,135.5,poor,low,15.2,79.9,16471,462,22,High
24,Bannerghatta Road,2024-10,136.5,poor,low,16.9,81.3,17172,405,17,High
24,Bannerghatta Road,2024-11,55.4,poor,low,17.7,78.6,16417,374,12,Medium
24,Bannerghatta Road,2024-12,49.9,poor,low,19.9,76.3,15747,403,12,Medium
