ward_id,ward_name,month,load_index,peak_load_mw,outage_frequency,power_quality_index,transformer_utilization_pct,renewable_share_pct,stress_level
1,Mahadevapura,2022-01,80,114.4,3.89,40,84.2,10.7,High
1,Mahadevapura,2022-02,48,75.6,2.07,61.6,59.3,24.8,Medium
1,Mahadevapura,2022-03,74,109.1,3.88,40,69.4,16.3,High
1,Mahadevapura,2022-04,82,119.9,3.8,40,79.4,25.4,High
1,Mahadevapura,2022-05,64,90.9,3.08,49.9,52.8,32.8,Medium
1,Mahadevapura,2022-06,72,108.2,4.18,40,67.4,14.4,High
1,Mahadevapura,2022-07,62,98.6,3.04,58.7,67.8,36.1,Medium
1,Mahadevapura,2022-08,75,110.5,3.47,47.5,73,41,High
1,Mahadevapura,2022-09,87,123.7,3.92,40,86.3,37.4,High
1,Mahadevapura,2022-10,69,105.7,3.61,45.3,70.6,30.6,Medium
1,Mahadevapura,2022-11,70,100.8,3.01,40,68.5,14.3,High
1,Mahadevapura,2022-12,81,117.7,4.26,40,79.8,44.8,High
1,Mahadevapura,2023-01,63,97.4,2.39,42,55,17.6,Medium
1,Mahadevapura,2023-02,32,53.8,1.29,90.5,30,43.1,Low
1,Mahadevapura,2023-03,90,132.1,4.68,40,83.9,42.5,High
1,Mahadevapura,2023-04,59,88.4,2.58,51.4,53.6,26.7,Medium
1,Mahadevapura,2023-05,82,118.3,4.57,40,68.1,19.8,High
1,Mahadevapura,2023-06,60,89.6,3.28,54.3,57.8,32.2,Medium
1,Mahadevapura,2023-07,62,92,2.97,55.9,68.1,32.9,Medium
1,Mahadevapura,2023-08,67,101.7,3.32,40,67.7,11.6,Medium
1,Mahadevapura,2023-09,65,95.9,2.66,41.8,64.5,20,Medium
1,Mahadevapura,2023-10,59,91.3,1.88,47.8,54.6,17.8,Medium
1,Mahadevapura,2023-11,71,107.3,3.45,50.1,63.6,40.2,High
1,Mahadevapura,2023-12,95,132.5,5,40,86.3,29.9,High
1,Mahadevapura,2024-01,39,64.1,2.33,84.9,46.5,52.2,Low
1,Mahadevapura,2024-02,69,105.8,3.79,40,73.5,14.8,Medium
1,Mahadevapura,2024-03,95,134.9,5.13,40,81,48.7,High
1,Mahadevapura,2024-04,85,123.4,4.11,40,87.7,28.5,High
1,Mahadevapura,2024-05,62,94.2,3.29,59.4,55,47.6,Medium
1,Mahadevapura,2024-06,55,83.9,2.67,60.7,53.7,31.5,Medium
1,Mahadevapura,2024-07,39,67.7,2.39,82.8,31.3,43.6,Low
1,Mahadevapura,2024-08,57,93.4,2.89,60.5,58.4,40.3,Medium
1,Mahadevapura,2024-09,66,100.6,3.19,51.9,54,41.2,Medium
1,Mahadevapura,2024-10,99,141.3,4.78,40,86.5,22.9,High
1,Mahadevapura,2024-11,60,94.1,3.43,65,57.8,51.1,Medium
1,Mahadevapura,2024-12,74,111.3,3.93,45.6,82,40.9,High
2,Yelahanka,2022-01,67,100.8,3.37,47.6,59.7,33.7,Medium
2,Yelahanka,2022-02,78,114.5,3.74,42.7,73.2,42.7,High
2,Yelahanka,2022-03,77,114.5,3.97,43,72.9,39.2,High
2,Yelahanka,2022-04,68,103.5,3.84,40,63.3,15.3,Medium
2,Yelahanka,2022-05,79,119.2,4.26,40,77.6,11.9,High
2,Yelahanka,2022-06,62,96.4,3.86,40,59.1,7.9,Medium
2,Yelahanka,2022-07,92,133.3,4.32,40,104.2,53.4,High
2,Yelahanka,2022-08,86,120.2,4.19,40,81.9,28.6,High
2,Yelahanka,2022-09,64,97.9,3.3,40,72.6,14.6,Medium
2,Yelahanka,2022-10,62,94.3,3.24,44.8,54.9,21.4,Medium
2,Yelahanka,2022-11,63,99.6,2.92,54.9,60,41.5,Medium
2,Yelahanka,2022-12,65,95.6,3.13,53.2,58.8,39.8,Medium
2,Yelahanka,2023-01,82,120.4,4.1,40,76.5,29.2,High
2,Yelahanka,2023-02,32,60.8,1.62,91.2,35.7,45,Low
2,Yelahanka,2023-03,100,139.9,5.87,40,92.1,24.2,High
2,Yelahanka,2023-04,97,134.5,4.55,40,98.4,48.6,High
2,Yelahanka,2023-05,63,97.1,2.88,56.3,69.1,45.5,Medium
2,Yelahanka,2023-06,88,129.7,4.93,40,83.5,14.9,High
2,Yelahanka,2023-07,29,55.6,0.86,83.1,30,29.8,Low
2,Yelahanka,2023-08,82,124.1,3.65,40,82.6,20.5,High
2,Yelahanka,2023-09,34,65.9,1.64,88.9,30,50.9,Low
2,Yelahanka,2023-10,70,100,3.86,52.9,72.5,54.6,High
2,Yelahanka,2023-11,83,120.5,4.24,40,85.4,45.7,High
2,Yelahanka,2023-12,71,105.1,2.44,44.4,69,31.9,High
2,Yelahanka,2024-01,30,53.8,1.75,75.7,34.3,19.1,Low
2,Yelahanka,2024-02,83,122.7,4.24,40,83.4,42.1,High
2,Yelahanka,2024-03,80,115,4.79,40,80.6,35.3,High
2,Yelahanka,2024-04,86,129.6,5.08,40,90.8,25.8,High
2,Yelahanka,2024-05,97,136,5.78,40,96.1,18.1,High
2,Yelahanka,2024-06,41,65.2,2.17,70.8,36.5,27,Medium
2,Yelahanka,2024-07,57,82.9,2.87,53.4,54.5,27.4,Medium
2,Yelahanka,2024-08,30,55.5,0.86,92.5,30,47,Low
2,Yelahanka,2024-09,79,118.6,3.91,44.2,78,48.9,High
2,Yelahanka,2024-10,45,72.1,2.67,55.7,41.7,12.5,Medium
2,Yelahanka,2024-11,73,108.4,3.55,44.1,86.2,41.1,High
2,Yelahanka,2024-12,96,135.2,4.85,40,94.3,12.2,High
3,Jayanagar,2022-01,78,113.9,4.02,43.4,84.9,42.7,High
3,Jayanagar,2022-02,85,119.6,3.89,40,94.7,41.3,High
3,Jayanagar,2022-03,63,93,3.53,40,60.6,15.7,Medium
3,Jayanagar,2022-04,60,93.5,2.83,53.6,51.7,25.5,Medium
3,Jayanagar,2022-05,91,128.7,4.13,40,93.4,32.8,High
3,Jayanagar,2022-06,71,104,3.54,40,64,19.2,High
3,Jayanagar,2022-07,57,87.8,3.19,65.9,45.7,44.7,Medium
3,Jayanagar,2022-08,46,76,2.15,77.9,38.7,48.6,Medium
3,Jayanagar,2022-09,100,141.5,5.34,40,90.6,22.1,High
3,Jayanagar,2022-10,63,91.7,2.95,57.4,65.7,43.1,Medium
3,Jayanagar,2022-11,44,71.5,2.5,71,42.3,35.4,Medium
3,Jayanagar,2022-12,58,89,2.81,42.4,61,5,Medium
3,Jayanagar,2023-01,98,131.8,4.25,40,105.7,17.2,High
3,Jayanagar,2023-02,48,78.2,1.92,64.9,46.3,34.3,Medium
3,Jayanagar,2023-03,91,131.4,4.01,40,90.3,39.6,High
3,Jayanagar,2023-04,100,138.2,4.58,40,95.8,11.8,High
3,Jayanagar,2023-05,49,77.1,2.33,76,48.2,51.3,Medium
3,Jayanagar,2023-06,80,119.9,4.02,40,82.3,25.2,High
3,Jayanagar,2023-07,51,77.9,2.55,56.5,55.2,22.2,Medium
3,Jayanagar,2023-08,67,104.9,4.39,48,74.9,29.6,Medium
3,Jayanagar,2023-09,61,93.5,2.74,42.9,63.2,16.3,Medium
3,Jayanagar,2023-10,74,105.6,3.76,44.6,72.7,43.7,High
3,Jayanagar,2023-11,75,109.8,4.2,40,78.2,17.7,High
3,Jayanagar,2023-12,44,74.5,2.4,65.6,37.4,27.2,Medium
3,Jayanagar,2024-01,30,60.4,0.28,83.9,30,30.9,Low
3,Jayanagar,2024-02,96,135.4,4.6,40,89.7,12.3,High
3,Jayanagar,2024-03,91,122.4,4.6,40,80.1,21.1,High
3,Jayanagar,2024-04,66,101.5,3.71,40,75.9,13.5,Medium
3,Jayanagar,2024-05,100,140.9,4.71,40,94.2,44.7,High
3,Jayanagar,2024-06,61,87.4,3.09,47.6,65.4,26,Medium
3,Jayanagar,2024-07,80,120.5,4,40,78.5,30,High
3,Jayanagar,2024-08,33,57.4,1.7,85.6,31.5,38.6,Low
3,Jayanagar,2024-09,68,98.6,3.73,40,65.7,14.4,Medium
3,Jayanagar,2024-10,74,111.2,3.9,41.4,75.8,33.1,High
3,Jayanagar,2024-11,38,65.8,1.47,84.9,41.2,38.5,Low
3,Jayanagar,2024-12,59,92.3,3.12,62.1,59.9,45.9,Medium
4,Whitefield,2022-01,67,100.5,3.69,41.2,74,21.3,Medium
4,Whitefield,2022-02,54,84.9,3.14,47.1,63.7,12.1,Medium
4,Whitefield,2022-03,57,92.4,2.96,57.3,59,30.5,Medium
4,Whitefield,2022-04,60,85.8,3.1,61.1,69.5,39.4,Medium
4,Whitefield,2022-05,59,94.5,2.99,45.6,67.6,18.2,Medium
4,Whitefield,2022-06,66,97.6,2.94,43.3,68.7,24.7,Medium
4,Whitefield,2022-07,72,103.7,3.51,40,60.1,24.3,High
4,Whitefield,2022-08,74,112.3,4.17,40,82,18.3,High
4,Whitefield,2022-09,50,76.9,3.27,52.5,56.5,16.4,Medium
4,Whitefield,2022-10,81,118.5,3.96,40,77.9,11,High
4,Whitefield,2022-11,71,101.8,4.17,40,72.6,14.8,High
4,Whitefield,2022-12,78,114.3,4.01,40,75.3,34.9,High
4,Whitefield,2023-01,58,89.5,2.3,55.6,52.3,34.4,Medium
4,Whitefield,2023-02,73,108,4.27,40,72.8,11.7,High
4,Whitefield,2023-03,100,141.2,4.61,40,103.4,43.6,High
4,Whitefield,2023-04,58,86.9,3.02,53.8,55.5,28.6,Medium
4,Whitefield,2023-05,74,104.1,3.72,40,69,23.2,High
4,Whitefield,2023-06,59,92.9,2.7,46.4,67.4,18.2,Medium
4,Whitefield,2023-07,45,73.8,2.01,75,39.7,41.2,Medium
4,Whitefield,2023-08,43,70.8,2.01,65.6,47.9,20.9,Medium
4,Whitefield,2023-09,66,97.6,3.69,40,65,20.4,Medium
4,Whitefield,2023-10,47,75.3,2.44,73.4,49.8,40.8,Medium
4,Whitefield,2023-11,53,80.6,1.82,55.6,50.1,26.5,Medium
4,Whitefield,2023-12,66,97.3,3.7,40,49.9,12.1,Medium
4,Whitefield,2024-01,58,89.7,2.73,43.8,54.9,13.5,Medium
4,Whitefield,2024-02,60,94,2.55,56.8,63,36,Medium
4,Whitefield,2024-03,72,110.7,3.49,49.8,74.7,39.7,High
4,Whitefield,2024-04,100,140.7,4.66,40,90.9,21.8,High
4,Whitefield,2024-05,100,140.5,5.03,40,99.1,9.8,High
4,Whitefield,2024-06,60,91.2,2.58,56.4,55.7,35.9,Medium
4,Whitefield,2024-07,52,84.4,2.63,55.1,55.8,18.9,Medium
4,Whitefield,2024-08,28,52.2,1.98,79.1,30,20.9,Low
4,Whitefield,2024-09,85,122,4.34,40,94.5,16.1,High
4,Whitefield,2024-10,36,66.2,2.42,71.5,37.1,22.7,Low
4,Whitefield,2024-11,78,112.1,3.62,40,83.7,12.8,High
4,Whitefield,2024-12,67,97.2,3.21,40.1,50,19.7,Medium
5,KR Puram,2022-01,65,96.6,3.23,53.2,63.9,34.6,Medium
5,KR Puram,2022-02,83,123.3,3.79,40,90.7,22.7,High
5,KR Puram,2022-03,91,131.2,4.46,40,83.7,48.3,High
5,KR Puram,2022-04,89,127.3,4.6,40,85.1,31.9,High
5,KR Puram,2022-05,79,118,4.2,42.1,75.1,43.2,High
5,KR Puram,2022-06,55,83.5,2.35,47.9,49.3,15.5,Medium
5,KR Puram,2022-07,63,96,2.36,40,61.5,8.5,Medium
5,KR Puram,2022-08,100,144.4,4.91,40,89,16.7,High
5,KR Puram,2022-09,47,73.8,2.2,58,44.7,10.1,Medium
5,KR Puram,2022-10,70,106.5,3.29,40,78.1,28.9,High
5,KR Puram,2022-11,38,60.8,2.08,82.7,33.3,44.6,Low
5,KR Puram,2022-12,71,103.1,3.2,40,65,27,High
5,KR Puram,2023-01,86,123.9,4.01,40,79.7,29,High
5,KR Puram,2023-02,72,105.3,4.11,44.4,60.6,37.5,High
5,KR Puram,2023-03,83,121,4.37,40,88.1,37.3,High
5,KR Puram,2023-04,88,127,4.27,40,94.7,18.2,High
5,KR Puram,2023-05,81,113.8,4.07,40,91.7,33,High
5,KR Puram,2023-06,66,106.8,3.79,52.9,61.1,42,Medium
5,KR Puram,2023-07,44,69.4,2.43,56.7,49.5,19.4,Medium
5,KR Puram,2023-08,76,115.8,3.37,40,72.3,25.1,High
5,KR Puram,2023-09,41,70.9,1.91,66.1,37.3,16.7,Medium
5,KR Puram,2023-10,54,85.5,1.75,52.4,57.2,14.3,Medium
5,KR Puram,2023-11,71,106.7,3.34,44.7,69.6,38.3,High
5,KR Puram,2023-12,66,99.8,3.44,40,64.6,17.6,Medium
5,KR Puram,2024-01,64,101.7,2.99,40.6,55.1,19.8,Medium
5,KR Puram,2024-02,77,109.5,3.71,45.9,68.4,48.9,High
5,KR Puram,2024-03,100,141.6,5.13,40,100.8,14.4,High
5,KR Puram,2024-04,81,117.4,4.36,40.1,82.2,42.9,High
5,KR Puram,2024-05,58,88.2,2.75,52.4,54.6,35.9,Medium
5,KR Puram,2024-06,66,97.5,3.65,53.6,72.6,42.1,Medium
5,KR Puram,2024-07,74,108.5,3.57,40,82.8,30.6,High
5,KR Puram,2024-08,73,105.3,4.09,44.5,70.7,40.2,High
5,KR Puram,2024-09,56,80.1,2.36,44,47.7,9.3,Medium
5,KR Puram,2024-10,49,78.1,2.58,68.9,41.8,41.3,Medium
5,KR Puram,2024-11,56,87.7,2.96,51.1,53.9,24.7,Medium
5,KR Puram,2024-12,70,105.5,3.39,40,64.6,16.8,High
6,BTM Layout,2022-01,61,89.7,3.39,63.3,71.8,52.1,Medium
6,BTM Layout,2022-02,85,121.2,4.6,40,93.3,10.7,High
6,BTM Layout,2022-03,79,114.6,4.02,40,72,27.2,High
6,BTM Layout,2022-04,84,124.6,3.89,40,80.8,31.5,High
6,BTM Layout,2022-05,84,123.7,3.66,40,75.2,41,High
6,BTM Layout,2022-06,72,100.5,3.59,40,79.7,19.1,High
6,BTM Layout,2022-07,49,78,2.44,54.9,41.8,14.8,Medium
6,BTM Layout,2022-08,50,78.7,2.51,52.1,57.6,11.2,Medium
6,BTM Layout,2022-09,81,113.9,4.3,41.5,83.7,49.3,High
6,BTM Layout,2022-10,62,94.2,2.51,47.6,61.1,26.3,Medium
6,BTM Layout,2022-11,60,94.8,2.51,44.6,47.6,19,Medium
6,BTM Layout,2022-12,39,71.7,1.8,80.3,39.3,38,Low
6,BTM Layout,2023-01,100,139.1,4.35,40,104.7,20.7,High
6,BTM Layout,2023-02,86,120.1,4.97,40,86.4,18.1,High
6,BTM Layout,2023-03,62,93.8,2.78,63,53.3,44.9,Medium
6,BTM Layout,2023-04,87,123.5,4.23,40,75.8,42.7,High
6,BTM Layout,2023-05,69,102.4,2.68,40,78.4,19.2,Medium
6,BTM Layout,2023-06,71,103.9,3.68,40,75.9,29.3,High
6,BTM Layout,2023-07,83,121.7,4.25,40,81.1,17.7,High
6,BTM Layout,2023-08,59,92.5,3.22,45.6,59.3,15.9,Medium
6,BTM Layout,2023-09,61,91.2,3.1,58.6,63.2,41.8,Medium
6,BTM Layout,2023-10,63,96.6,2.83,55.2,65.5,38.2,Medium
6,BTM Layout,2023-11,72,108.9,3.42,40,66.4,24.2,High
6,BTM Layout,2023-12,60,93.6,3.74,44.3,65.7,15.1,Medium
6,BTM Layout,2024-01,48,78.9,2.86,72.7,45.5,43.6,Medium
6,BTM Layout,2024-02,100,139.8,4.89,40,92.2,10.6,High
6,BTM Layout,2024-03,96,137.1,4.22,40,101.7,19.5,High
6,BTM Layout,2024-04,91,140.9,4.76,40,85.8,11.8,High
6,BTM Layout,2024-05,100,141.9,5.04,40,91.1,34.9,High
6,BTM Layout,2024-06,32,62.8,0.72,70.5,30.7,16.4,Low
6,BTM Layout,2024-07,89,128,4.66,40,92.5,38.1,High
6,BTM Layout,2024-08,71,108.8,3.28,40,59.5,19.4,High
6,BTM Layout,2024-09,60,86.2,2.35,58.6,63,43,Medium
6,BTM Layout,2024-10,83,116.6,4.31,40,90.1,25.6,High
6,BTM Layout,2024-11,51,83,2.21,61.5,47,28.2,Medium
6,BTM Layout,2024-12,66,96.9,3.02,40,65,12.4,Medium
7,Hebbal,2022-01,62,97.7,3.41,52.6,55.4,26.1,Medium
7,Hebbal,2022-02,68,106.4,3.21,45.2,66.3,28.1,Medium
7,Hebbal,2022-03,100,139.2,5.06,40,103.5,22.5,High
7,Hebbal,2022-04,100,137.7,4.44,40,105.8,15.7,High
7,Hebbal,2022-05,100,139,4.45,40,100.7,14.7,High
7,Hebbal,2022-06,80,116.3,3.92,40,72.1,18.9,High
7,Hebbal,2022-07,63,100.5,3.25,59.1,61.9,43.2,Medium
7,Hebbal,2022-08,80,113,3.47,42.5,71.2,46.7,High
7,Hebbal,2022-09,71,100.9,3.46,40,68.1,17.2,High
7,Hebbal,2022-10,60,85,2.95,55,65.6,36.5,Medium
7,Hebbal,2022-11,54,85.1,3.48,51.7,55.2,21.2,Medium
7,Hebbal,2022-12,64,96,4.43,45.3,57.1,28.9,Medium
7,Hebbal,2023-01,82,122.1,4.15,40,87.8,30.2,High
7,Hebbal,2023-02,50,77.2,2.54,72.9,51.7,42.3,Medium
7,Hebbal,2023-03,90,127.4,5.18,40,100.8,31,High
7,Hebbal,2023-04,92,129.1,4.86,40,93.7,38.5,High
7,Hebbal,2023-05,80,123,3.95,41.4,72.2,41.6,High
7,Hebbal,2023-06,54,87.8,2.74,49.6,50.5,17.5,Medium
7,Hebbal,2023-07,94,130.6,5.02,40,88.4,11.6,High
7,Hebbal,2023-08,81,106.5,4.35,40,71.8,32.8,High
7,Hebbal,2023-09,97,136.9,5.26,40,100.5,19,High
7,Hebbal,2023-10,53,88.7,2.99,65.2,56.6,37.9,Medium
7,Hebbal,2023-11,70,100.7,3.26,40,68.7,19.1,High
7,Hebbal,2023-12,86,123.8,3.7,40,87.1,7.7,High
7,Hebbal,2024-01,84,117.1,4.19,40,80.2,32,High
7,Hebbal,2024-02,47,74.8,3.15,59.4,50.7,22,Medium
7,Hebbal,2024-03,91,122.8,4.47,40,80.6,25.2,High
7,Hebbal,2024-04,90,132.2,4.31,40,86.6,14.9,High
7,Hebbal,2024-05,100,140.6,5.33,40,108.2,41.4,High
7,Hebbal,2024-06,70,104.1,3.48,48.9,62.6,41.5,High
7,Hebbal,2024-07,49,73.2,2.46,64.2,52,29,Medium
7,Hebbal,2024-08,92,135.2,4.28,40,102.7,29.5,High
7,Hebbal,2024-09,59,92.5,1.74,51.4,56.1,26.3,Medium
7,Hebbal,2024-10,84,123.3,3.47,40,88.3,7.5,High
7,Hebbal,2024-11,47,73.1,2.72,78,45,50.5,Medium
7,Hebbal,2024-12,52,86.7,2.35,56.9,60.8,19.5,Medium
8,Rajajinagar,2022-01,69,98.5,3.29,42.4,58.5,30.3,Medium
8,Rajajinagar,2022-02,64,94.1,3.56,40,56.7,12.6,Medium
8,Rajajinagar,2022-03,100,143.6,5.05,40,93.3,43.3,High
8,Rajajinagar,2022-04,86,129.8,4.69,40,80.7,31.1,High
8,Rajajinagar,2022-05,94,132,4.81,40,96.3,22.5,High
8,Rajajinagar,2022-06,53,83.7,2.91,50.6,62.8,21.2,Medium
8,Rajajinagar,2022-07,54,85,1.77,50.3,51.1,17.8,Medium
8,Rajajinagar,2022-08,54,81.9,2.94,58.5,58.2,36.1,Medium
8,Rajajinagar,2022-09,60,94.1,2.76,48.2,53.4,20.8,Medium
8,Rajajinagar,2022-10,92,133,4.96,40,102.7,44.8,High
8,Rajajinagar,2022-11,67,103.7,3.24,47.3,61.8,28.4,Medium
8,Rajajinagar,2022-12,72,105.5,3.71,44.8,71.9,40.9,High
8,Rajajinagar,2023-01,100,137.7,4.62,40,91.3,17.6,High
8,Rajajinagar,2023-02,22,45,1.11,99.8,30,45.3,Low
8,Rajajinagar,2023-03,100,141.9,5.01,40,100.3,36.5,High
8,Rajajinagar,2023-04,100,137.8,5.31,40,96.5,11.4,High
8,Rajajinagar,2023-05,100,141.6,5.7,40,98.5,8.1,High
8,Rajajinagar,2023-06,69,104.1,3.72,47.8,74,37.9,Medium
8,Rajajinagar,2023-07,57,88.9,2.56,63.4,61.9,41.8,Medium
8,Rajajinagar,2023-08,38,72.3,1.94,72,33.8,26.2,Low
8,Rajajinagar,2023-09,69,99.6,2.41,40,70.5,19.9,Medium
8,Rajajinagar,2023-10,94,136.3,4.28,40,99.6,32.7,High
8,Rajajinagar,2023-11,32,55.8,2.32,89.8,30,46,Low
8,Rajajinagar,2023-12,77,110.6,3.9,40,77.5,24.8,High
8,Rajajinagar,2024-01,51,82.8,1.98,59.7,50.5,27.4,Medium
8,Rajajinagar,2024-02,69,103.1,3.07,44.2,69.7,34.1,Medium
8,Rajajinagar,2024-03,94,133.9,4.44,40,88.6,12.6,High
8,Rajajinagar,2024-04,70,106.9,3.43,42.5,73,26.8,High
8,Rajajinagar,2024-05,100,141.4,5.2,40,103.4,13.6,High
8,Rajajinagar,2024-06,64,100.4,2.73,44.6,62.6,18.4,Medium
8,Rajajinagar,2024-07,100,140.9,4.29,40,102.6,17.2,High
8,Rajajinagar,2024-08,17,35.8,1.04,100,30,43.4,Low
8,Rajajinagar,2024-09,57,91.3,3.28,51.2,52.9,24.4,Medium
8,Rajajinagar,2024-10,76,102.8,3.92,47.6,87.8,45.7,High
8,Rajajinagar,2024-11,81,115.4,4.19,40,78.3,30,High
8,Rajajinagar,2024-12,66,94.8,3.5,56.5,83.4,47,Medium
9,Indiranagar,2022-01,70,100.9,4.15,40,69.8,14.8,High
9,Indiranagar,2022-02,40,71.8,1.77,61.1,46.9,12.3,Medium
9,Indiranagar,2022-03,89,125.3,4.81,40,87.2,44.2,High
9,Indiranagar,2022-04,67,98.7,3.87,40.9,63.1,18,Medium
9,Indiranagar,2022-05,61,91.5,3.94,44,63.8,13.7,Medium
9,Indiranagar,2022-06,94,133.7,5.22,40,91.6,25,High
9,Indiranagar,2022-07,62,94,2.68,56.9,53.2,42.1,Medium
9,Indiranagar,2022-08,84,125,4.31,40,90.1,33.8,High
9,Indiranagar,2022-09,59,91.1,3.52,64.6,59.4,42.5,Medium
9,Indiranagar,2022-10,68,99.4,3.46,40,59.4,25.8,Medium
9,Indiranagar,2022-11,58,86.9,3.11,52,52,17.7,Medium
9,Indiranagar,2022-12,79,119.7,4.96,40,82,13.9,High
9,Indiranagar,2023-01,53,85.6,1.87,48.4,67.9,13.5,Medium
9,Indiranagar,2023-02,48,71.2,2.74,64.9,50.7,32.1,Medium
9,Indiranagar,2023-03,62,99.6,2.5,61.2,37.6,41.6,Medium
9,Indiranagar,2023-04,100,136.6,4.77,40,92.2,26.7,High
9,Indiranagar,2023-05,100,144.8,5.13,40,104.3,32.1,High
9,Indiranagar,2023-06,73,106.4,2.87,47.7,73.7,42.6,High
9,Indiranagar,2023-07,45,71.5,2.24,70,44.2,29,Medium
9,Indiranagar,2023-08,73,105,3.62,43.1,78.5,34.8,High
9,Indiranagar,2023-09,48,79.2,1.72,61.6,49.5,16.4,Medium
9,Indiranagar,2023-10,73,107,4,42.7,71.8,40.3,High
9,Indiranagar,2023-11,65,97,3.09,40,61.7,24.3,Medium
9,Indiranagar,2023-12,76,109,3.85,40,71.2,24.6,High
9,Indiranagar,2024-01,96,134.6,5,40,91.2,20.6,High
9,Indiranagar,2024-02,66,99,3.12,56.5,61.5,41.4,Medium
9,Indiranagar,2024-03,100,139.6,5.37,40,91.9,42.9,High
9,Indiranagar,2024-04,65,95.7,4.07,52.5,61.2,42.3,Medium
9,Indiranagar,2024-05,83,123.6,4.47,40,70.6,32.3,High
9,Indiranagar,2024-06,77,104.1,3.38,40,83.4,34.6,High
9,Indiranagar,2024-07,48,72.4,2.44,52.4,41.5,9,Medium
9,Indiranagar,2024-08,58,92.6,2.6,66.3,66,51.9,Medium
9,Indiranagar,2024-09,47,74.1,2.74,68.7,47.8,35.8,Medium
9,Indiranagar,2024-10,78,117,4.57,44.9,78.9,49.6,High
9,Indiranagar,2024-11,77,117.1,4.06,43,76.8,42.6,High
9,Indiranagar,2024-12,73,105.9,3.62,40,84,13.8,High
10,Electronic City,2022-01,67,102.5,3.44,56.2,68.2,52,Medium
10,Electronic City,2022-02,58,85.1,3.3,50.6,56.1,26.6,Medium
10,Electronic City,2022-03,77,111.6,3.14,40,75.3,14.1,High
10,Electronic City,2022-04,100,132.7,5.04,40,91.3,31.3,High
10,Electronic City,2022-05,100,143.4,4.74,40,95.9,49.9,High
10,Electronic City,2022-06,38,67.7,2.2,80.6,34.5,40.9,Low
10,Electronic City,2022-07,79,114.1,3.92,40,78.8,17.5,High
10,Electronic City,2022-08,65,98.7,3.37,49.6,63.3,32.1,Medium
10,Electronic City,2022-09,61,93.8,2.77,43.3,48.2,15.1,Medium
10,Electronic City,2022-10,46,72,2.47,71.9,41.3,41.9,Medium
10,Electronic City,2022-11,51,79,3,56.9,49.7,24.6,Medium
10,Electronic City,2022-12,43,71.7,1.74,79.5,52.2,47.6,Medium
10,Electronic City,2023-01,61,98.1,2.4,61.1,64.8,43.3,Medium
10,Electronic City,2023-02,67,96.5,3.88,40,54.1,6.6,Medium
10,Electronic City,2023-03,98,135.2,4.93,40,98.7,39.3,High
10,Electronic City,2023-04,81,115.9,4.02,40,79.6,24.4,High
10,Electronic City,2023-05,100,142.5,5.25,40,96.7,13.3,High
10,Electronic City,2023-06,80,117.2,4.69,40,77.7,27.1,High
10,Electronic City,2023-07,70,105,3.48,48.2,72.1,39.3,High
10,Electronic City,2023-08,81,117,5.16,40,75,27.7,High
10,Electronic City,2023-09,80,116.8,3.55,40,71.2,32.4,High
10,Electronic City,2023-10,61,96.9,3.49,62.2,58.3,44.2,Medium
10,Electronic City,2023-11,48,77.7,2.9,65.9,46.1,33.2,Medium
10,Electronic City,2023-12,43,74.8,1.8,65.6,53.6,22.8,Medium
10,Electronic City,2024-01,43,68.7,1.23,70.9,43.7,29.4,Medium
10,Electronic City,2024-02,76,110.7,4.61,45.1,78.1,44.3,High
10,Electronic City,2024-03,65,95,3.56,50.7,55.9,38.6,Medium
10,Electronic City,2024-04,75,110.9,4.1,40,73.6,13.1,High
10,Electronic City,2024-05,80,114,3.51,40,94.9,11.8,High
10,Electronic City,2024-06,65,103.6,3.35,48.9,58.5,32,Medium
10,Electronic City,2024-07,32,60.2,1.24,83.7,30,34.6,Low
10,Electronic City,2024-08,82,121.8,4.24,40,78.9,14.5,High
10,Electronic City,2024-09,90,130.5,5.39,40,101,14.8,High
10,Electronic City,2024-10,92,129.1,3.97,40,90,39.6,High
10,Electronic City,2024-11,82,112,3.87,40,81,24.6,High
10,Electronic City,2024-12,59,89.9,2.36,52.8,60.6,30,Medium
11,Banashankari,2022-01,74,105.9,3.99,40,78,19.4,High
11,Banashankari,2022-02,65,97.5,2.19,57.1,65.9,46.3,Medium
11,Banashankari,2022-03,59,92.1,2.58,56.7,58.5,34.5,Medium
11,Banashankari,2022-04,99,139.8,5.12,40,99.7,15.5,High
11,Banashankari,2022-05,66,100,3.45,52.2,64.3,39.9,Medium
11,Banashankari,2022-06,56,87.2,2.83,46.5,57.2,12.3,Medium
11,Banashankari,2022-07,74,107.9,3.55,40.6,70.3,35.2,High
11,Banashankari,2022-08,97,141.2,4.9,40,98.5,8.9,High
11,Banashankari,2022-09,74,107.7,3.31,40,73.2,17.1,High
11,Banashankari,2022-10,67,98.3,2.8,40,78.1,10.8,Medium
11,Banashankari,2022-11,100,137.5,5.44,40,106.9,7.5,High
11,Banashankari,2022-12,76,110.7,4.03,40,76.1,23.1,High
11,Banashankari,2023-01,46,71,2.97,70.1,44.8,37.4,Medium
11,Banashankari,2023-02,43,76.9,2.22,68.4,42.2,25.5,Medium
11,Banashankari,2023-03,87,119.7,4.22,40,90.3,34.9,High
11,Banashankari,2023-04,52,80.5,2.24,61.6,49.2,29.3,Medium
11,Banashankari,2023-05,48,73.2,3.18,70.2,50.3,39.1,Medium
11,Banashankari,2023-06,81,117.5,4.03,40,80.8,10.8,High
11,Banashankari,2023-07,43,76.3,2.38,75.9,34.9,42.4,Medium
11,Banashankari,2023-08,46,75.9,2.67,67.2,33.1,33.2,Medium
11,Banashankari,2023-09,79,113.9,3.82,40,64,30.1,High
11,Banashankari,2023-10,73,103.8,3.58,40,78.2,15.4,High
11,Banashankari,2023-11,84,121.5,4.9,40,88.4,39,High
11,Banashankari,2023-12,47,77.1,2.11,54.1,54.8,14.4,Medium
11,Banashankari,2024-01,78,117.5,4.16,40.9,79.9,44.7,High
11,Banashankari,2024-02,90,125.4,4.17,40,96.7,23,High
11,Banashankari,2024-03,94,136.7,4.59,40,90.1,26.3,High
11,Banashankari,2024-04,94,134.5,4.79,40,85.8,48.1,High
11,Banashankari,2024-05,79,117,4.89,43.9,95.5,45,High
11,Banashankari,2024-06,45,71.2,2.59,79.6,46.2,46.6,Medium
11,Banashankari,2024-07,75,109.2,3.95,40,81.4,15.2,High
11,Banashankari,2024-08,77,110.8,3.91,40,79.2,28,High
11,Banashankari,2024-09,85,126.5,4.27,40,84.8,22.5,High
11,Banashankari,2024-10,49,78.4,2.86,51.4,52.7,10.8,Medium
11,Banashankari,2024-11,63,96.7,2.59,59.1,62.3,43.8,Medium
11,Banashankari,2024-12,75,105.4,3.77,40,65.6,22.5,High
12,Malleshwaram,2022-01,64,97.2,3.53,40,61.3,16.2,Medium
12,Malleshwaram,2022-02,62,95.4,3.2,46.2,64.4,25.9,Medium
12,Malleshwaram,2022-03,69,103.2,3.29,43.1,67.3,34.2,Medium
12,Malleshwaram,2022-04,67,97.3,2.69,40,65,12.2,Medium
12,Malleshwaram,2022-05,79,118.3,4.01,41.4,74.1,39.7,High
12,Malleshwaram,2022-06,63,94.2,2.85,50.9,57,27.5,Medium
12,Malleshwaram,2022-07,75,107.9,3.86,46.1,81.4,44.4,High
12,Malleshwaram,2022-08,46,77.5,2.3,75.8,51.3,44.1,Medium
12,Malleshwaram,2022-09,42,70.5,2.12,64.4,51,19.4,Medium
12,Malleshwaram,2022-10,58,88.5,2.49,65.9,60.6,49.1,Medium
12,Malleshwaram,2022-11,87,128.8,4.65,40,89.6,13.3,High
12,Malleshwaram,2022-12,75,110.1,3.93,40.4,73.9,35,High
12,Malleshwaram,2023-01,71,105,3.78,44,68.2,31.5,High
12,Malleshwaram,2023-02,52,78.8,2.56,58.7,54.3,26.8,Medium
12,Malleshwaram,2023-03,85,124.4,3.8,40,90.2,39.9,High
12,Malleshwaram,2023-04,100,139.4,5.13,40,94.7,37.1,High
12,Malleshwaram,2023-05,80,124.1,4.05,40,85.5,14.8,High
12,Malleshwaram,2023-06,63,93.6,2.56,56.3,66.6,45.4,Medium
12,Malleshwaram,2023-07,79,110.3,3.91,40,71,8.5,High
12,Malleshwaram,2023-08,87,127.8,4.45,40,93.4,26.9,High
12,Malleshwaram,2023-09,30,61,0.87,75.7,30,26.9,Low
12,Malleshwaram,2023-10,95,133.2,4.31,40,101.2,14.3,High
12,Malleshwaram,2023-11,72,103.4,3.93,50.1,76.3,47.4,High
12,Malleshwaram,2023-12,69,100.4,3.23,40,74,15.4,Medium
12,Malleshwaram,2024-01,28,54.5,1.48,93.1,30,47.8,Low
12,Malleshwaram,2024-02,37,63.2,1.1,78,39.1,35.7,Low
12,Malleshwaram,2024-03,100,139.3,4.82,40,103.2,15.2,High
12,Malleshwaram,2024-04,81,117.5,4.9,40,71.4,17.7,High
12,Malleshwaram,2024-05,100,142.2,4.46,40,97.3,35.6,High
12,Malleshwaram,2024-06,44,69.6,2.09,68.5,42.9,27.9,Medium
12,Malleshwaram,2024-07,64,98.4,2.87,52.4,60,39.5,Medium
12,Malleshwaram,2024-08,68,101.7,4.22,40,69.9,16.3,Medium
12,Malleshwaram,2024-09,78,114.8,3.66,40,76.7,35.7,High
12,Malleshwaram,2024-10,90,130.9,5.06,40,69.1,31.4,High
12,Malleshwaram,2024-11,79,109.7,3.59,40,82.3,23,High
12,Malleshwaram,2024-12,54,80.1,2.98,64.2,50.3,41.2,Medium
13,Koramangala,2022-01,45,70.2,0.92,70.7,68.7,33.8,Medium
13,Koramangala,2022-02,47,75.1,1.24,71.4,64.3,31.7,Medium
13,Koramangala,2022-03,53,80.2,1.25,68.8,68,28.5,Medium
13,Koramangala,2022-04,50,75.3,1.99,70.2,76.3,26.7,Medium
13,Koramangala,2022-05,47,69,1.59,67.3,64.7,27,Medium
13,Koramangala,2022-06,51,76,1.2,68.9,81.2,32.7,Medium
13,Koramangala,2022-07,46,67.4,1.44,67.7,58.6,31.6,Medium
13,Koramangala,2022-08,45,70.8,1.33,71.4,71.5,24.8,Medium
13,Koramangala,2022-09,47,67.2,1.69,68.9,66.6,31.5,Medium
13,Koramangala,2022-10,46,69.3,1.36,68.8,62.3,29.4,Medium
13,Koramangala,2022-11,43,66.9,1.39,69.6,54.9,33.7,Medium
13,Koramangala,2022-12,56,84,1.23,66.5,63,30.2,Medium
13,Koramangala,2023-01,51,77.4,1.18,71,64.5,22.1,Medium
13,Koramangala,2023-02,47,73.1,1.65,71.1,66.9,29.3,Medium
13,Koramangala,2023-03,55,82.6,1.83,64.8,70.9,32.1,Medium
13,Koramangala,2023-04,51,79.3,2.06,68,73.3,29.6,Medium
13,Koramangala,2023-05,60,85.3,1.49,61.9,83.3,32.9,Medium
13,Koramangala,2023-06,49,76.4,1.43,70,70,30.3,Medium
13,Koramangala,2023-07,45,66.3,1.18,75.4,68.1,34.6,Medium
13,Koramangala,2023-08,42,64.8,1.27,70.4,70.5,28.3,Medium
13,Koramangala,2023-09,46,71.6,1.34,71.7,66.1,28.5,Medium
13,Koramangala,2023-10,51,77,1.69,68.6,77.3,32.2,Medium
13,Koramangala,2023-11,47,69.4,1.28,69.1,68.4,27.8,Medium
13,Koramangala,2023-12,44,68,1.27,70,72.2,30.6,Medium
13,Koramangala,2024-01,46,69.7,1.29,71.7,71.2,27.6,Medium
13,Koramangala,2024-02,56,81.3,1.88,60.4,76.6,30.5,Medium
13,Koramangala,2024-03,50,75.6,1.76,69.8,72.2,32.5,Medium
13,Koramangala,2024-04,47,71.2,1.59,68.9,62.7,27.6,Medium
13,Koramangala,2024-05,55,81.8,1.46,64.9,79.5,35.8,Medium
13,Koramangala,2024-06,51,71.8,1.65,68.2,69.9,34.8,Medium
13,Koramangala,2024-07,52,76.8,1.19,73.1,80.3,32.2,Medium
13,Koramangala,2024-08,45,67.2,1.7,75.3,67,27.5,Medium
13,Koramangala,2024-09,49,72.1,0.52,69.9,72.3,28.6,Medium
13,Koramangala,2024-10,52,82.5,1.42,67.6,74.6,31.9,Medium
13,Koramangala,2024-11,48,70.6,1.22,68.3,78,34.1,Medium
13,Koramangala,2024-12,48,70.8,1.22,72.7,74.6,31,Medium
14,HSR Layout,2022-01,41,71.7,1.34,73.1,67.8,36.8,Low
14,HSR Layout,2022-02,38,63.9,1.01,75.7,67.8,43.8,Low
14,HSR Layout,2022-03,48,69.5,1.46,66.4,69.8,39.1,Medium
14,HSR Layout,2022-04,43,68.9,1.58,71.1,60.8,43,Medium
14,HSR Layout,2022-05,47,68.2,1.39,68.3,72.7,44.4,Medium
14,HSR Layout,2022-06,42,63.9,1.49,71.3,66.9,38.1,Medium
14,HSR Layout,2022-07,42,67.1,1.52,71.4,64.3,38.2,Medium
14,HSR Layout,2022-08,32,53,0.63,77.6,55.8,42.2,Low
14,HSR Layout,2022-09,42,62.3,1.34,72.2,68.9,37.9,Low
14,HSR Layout,2022-10,45,70.4,1.38,68.2,67.4,42.4,Medium
14,HSR Layout,2022-11,36,59.3,0.95,73.3,56.4,45.3,Low
14,HSR Layout,2022-12,38,63.6,1.24,76,66.2,41.1,Low
14,HSR Layout,2023-01,41,63.7,0.7,73.9,53.9,36.1,Low
14,HSR Layout,2023-02,40,64.5,0.86,78.1,65.9,39.7,Low
14,HSR Layout,2023-03,48,69,1.21,67.1,70.8,42.1,Medium
14,HSR Layout,2023-04,49,73.9,1.66,70.5,63,38.5,Medium
14,HSR Layout,2023-05,48,73.5,1.55,69,70.1,38.5,Medium
14,HSR Layout,2023-06,38,61.9,1.25,74.9,62.1,39.1,Low
14,HSR Layout,2023-07,37,59.5,1.12,73.2,68.3,40.9,Low
14,HSR Layout,2023-08,49,70.4,1,68.6,74.9,42,Medium
14,HSR Layout,2023-09,43,68.5,1.6,72.2,64.1,37.9,Medium
14,HSR Layout,2023-10,46,67.4,1.81,72.7,63.8,37.5,Medium
14,HSR Layout,2023-11,40,64.2,1.08,71.4,69.3,39.6,Low
14,HSR Layout,2023-12,41,69.1,1.37,73.8,66.8,32.6,Low
14,HSR Layout,2024-01,42,66.3,1.56,74.9,76.1,42.3,Low
14,HSR Layout,2024-02,39,60.9,0.84,74.9,64.6,38.3,Low
14,HSR Layout,2024-03,39,66.1,1.34,73.6,69.6,39.3,Low
14,HSR Layout,2024-04,47,68.9,1.72,67.1,70.7,43.4,Medium
14,HSR Layout,2024-05,51,83.4,2.15,70,76.6,35.5,Medium
14,HSR Layout,2024-06,43,66.6,1.2,72,66.9,38.2,Low
14,HSR Layout,2024-07,42,67.5,1.34,73.9,70.2,43.9,Low
14,HSR Layout,2024-08,34,56.9,1.05,76.2,57.8,41.2,Low
14,HSR Layout,2024-09,32,53.4,0.76,81.7,63.7,42.9,Low
14,HSR Layout,2024-10,38,61.5,0.65,71.7,61.2,39.5,Low
14,HSR Layout,2024-11,36,58,0.7,72.4,63.3,40,Low
14,HSR Layout,2024-12,33,58,0.74,81.2,53.1,34.9,Low
15,Marathahalli,2022-01,20,35.9,0.69,84.8,47.4,26,Low
15,Marathahalli,2022-02,29,50.6,1.11,79.9,58.7,31.3,Low
15,Marathahalli,2022-03,28,49.5,1.51,80.5,54.1,30.2,Low
15,Marathahalli,2022-04,26,49.4,0.94,81.4,52.4,35.8,Low
15,Marathahalli,2022-05,28,53.9,1.35,78.5,49.1,33.3,Low
15,Marathahalli,2022-06,27,47.5,0.28,81.2,51,33.6,Low
15,Marathahalli,2022-07,17,39.3,0.82,88.7,39.2,33,Low
15,Marathahalli,2022-08,24,47.1,0.85,80.2,56.9,33.9,Low
15,Marathahalli,2022-09,13,28.4,0.49,92,41.2,35.2,Low
15,Marathahalli,2022-10,17,39.5,0.99,90.7,55.7,32.7,Low
15,Marathahalli,2022-11,24,47,0.7,81.2,45.9,33.5,Low
15,Marathahalli,2022-12,25,47,1.02,77,53.7,35.5,Low
15,Marathahalli,2023-01,23,49,0.96,83.8,51.6,33.4,Low
15,Marathahalli,2023-02,31,49.4,1.38,82.4,59.5,30.1,Low
15,Marathahalli,2023-03,34,58.9,1.51,79.1,66.7,35.3,Low
15,Marathahalli,2023-04,31,57.1,1.75,78.9,51.6,36.5,Low
15,Marathahalli,2023-05,30,53.5,1.28,77.4,59.9,30.4,Low
15,Marathahalli,2023-06,25,47.5,0.97,85.2,41.7,32,Low
15,Marathahalli,2023-07,24,46.3,0.41,83.3,54.1,27.8,Low
15,Marathahalli,2023-08,26,55,0.86,81.8,54.7,28.6,Low
15,Marathahalli,2023-09,20,40.7,0.45,81.8,51.4,27.2,Low
15,Marathahalli,2023-10,23,44.5,0.24,87.1,51.5,31.3,Low
15,Marathahalli,2023-11,18,35.6,0.54,85,42,31.3,Low
15,Marathahalli,2023-12,33,57.8,1.19,76.9,59,34.1,Low
15,Marathahalli,2024-01,19,41.5,1.06,85.5,50.5,32.9,Low
15,Marathahalli,2024-02,27,54.7,1.05,81.3,56.1,25.4,Low
15,Marathahalli,2024-03,29,54.3,0.99,77.3,46.9,29.6,Low
15,Marathahalli,2024-04,31,56.2,0.77,79.6,51.1,31.7,Low
15,Marathahalli,2024-05,26,47.2,0.76,84,47,29.1,Low
15,Marathahalli,2024-06,29,53,1.21,81.4,54.9,35.6,Low
15,Marathahalli,2024-07,30,49.5,1.01,79.8,64.9,34.5,Low
15,Marathahalli,2024-08,20,43.7,0.6,82.5,47.6,25.3,Low
15,Marathahalli,2024-09,24,49.9,0.48,81,49.4,29.5,Low
15,Marathahalli,2024-10,21,44.4,0.57,82.3,53.4,30.7,Low
15,Marathahalli,2024-11,29,54.7,1.26,78.9,53.6,26.1,Low
15,Marathahalli,2024-12,23,46.2,0.53,83.5,55.8,31.5,Low
16,Bellandur,2022-01,30,51.5,0.97,78.1,55.8,45.7,Low
16,Bellandur,2022-02,29,51.4,0.85,80.2,50.4,51.3,Low
16,Bellandur,2022-03,37,62,1.51,75.8,58.4,46.9,Low
16,Bellandur,2022-04,35,54.3,1.49,77,51.7,50.2,Low
16,Bellandur,2022-05,35,56.9,1.84,76,63.1,53,Low
16,Bellandur,2022-06,34,57,0.63,79.8,56.4,49.6,Low
16,Bellandur,2022-07,21,40.2,0.59,83.5,55.4,49.6,Low
16,Bellandur,2022-08,34,57.1,0.54,77.1,60.3,50,Low
16,Bellandur,2022-09,28,47.7,1.01,81.3,58.4,55,Low
16,Bellandur,2022-10,28,50.2,0.91,80.2,57.7,48.1,Low
16,Bellandur,2022-11,30,52.8,1.06,77.5,70.6,47.4,Low
16,Bellandur,2022-12,31,52.9,0.96,75.1,63.5,52.7,Low
16,Bellandur,2023-01,26,43.1,0.82,83.1,59.4,46.9,Low
16,Bellandur,2023-02,27,46.9,1.03,80.4,55.2,43.5,Low
16,Bellandur,2023-03,31,59.2,1.15,75.7,60,50,Low
16,Bellandur,2023-04,37,62.8,0.95,77.1,63.5,49.3,Low
16,Bellandur,2023-05,32,53.7,1.33,80.7,58.4,43.6,Low
16,Bellandur,2023-06,35,53.8,0.92,76.7,52.1,51.3,Low
16,Bellandur,2023-07,28,54.3,1.15,79.7,55.6,51,Low
16,Bellandur,2023-08,30,57.3,0.66,81.1,54.9,47.7,Low
16,Bellandur,2023-09,27,48.5,0.79,82.5,54.5,48.4,Low
16,Bellandur,2023-10,29,53.4,0.86,79.9,60.8,47.2,Low
16,Bellandur,2023-11,25,45.6,0.86,83.6,48.1,46.7,Low
16,Bellandur,2023-12,25,51.8,0.83,83.4,43.5,50.5,Low
16,Bellandur,2024-01,20,39.2,0.68,86.5,53.2,48.7,Low
16,Bellandur,2024-02,31,55.3,1.11,77.5,54.6,49,Low
16,Bellandur,2024-03,30,55,1.2,78.7,49.5,44.8,Low
16,Bellandur,2024-04,38,58.3,1.5,77,56,52.5,Low
16,Bellandur,2024-05,32,58,1.07,78.7,54.8,49.4,Low
16,Bellandur,2024-06,25,46.4,0.82,83.3,46.3,48.4,Low
16,Bellandur,2024-07,29,51.4,0.88,82.8,55.2,53.1,Low
16,Bellandur,2024-08,31,57.4,1.22,79.8,53.2,51.9,Low
16,Bellandur,2024-09,31,55.5,1.35,77.8,56.4,45,Low
16,Bellandur,2024-10,24,44.9,1.06,79.7,60.8,47.5,Low
16,Bellandur,2024-11,27,52.3,0.79,82.7,52.2,50.9,Low
16,Bellandur,2024-12,31,54.6,0.8,78.3,46.1,53.4,Low
17,Sarjapur Road,2022-01,37,64.1,1.34,72.9,64.2,53.5,Low
17,Sarjapur Road,2022-02,37,58.5,1.11,75.1,66.5,54,Low
17,Sarjapur Road,2022-03,45,68.7,1.81,71.1,71.3,50.6,Medium
17,Sarjapur Road,2022-04,39,59,1.41,73.7,64.7,52.1,Low
17,Sarjapur Road,2022-05,36,56.4,1.2,79,64.7,50.5,Low
17,Sarjapur Road,2022-06,42,64.9,1.16,75.5,59.4,50.3,Low
17,Sarjapur Road,2022-07,29,49.6,0.69,78,56.1,57.8,Low
17,Sarjapur Road,2022-08,27,45.6,0.93,79.2,47.8,46.6,Low
17,Sarjapur Road,2022-09,32,57.8,1.45,78.3,54.4,46.4,Low
17,Sarjapur Road,2022-10,35,63.4,1.06,74.1,64.5,49.1,Low
17,Sarjapur Road,2022-11,33,54.5,0.46,78.5,60.5,48.8,Low
17,Sarjapur Road,2022-12,36,58.6,0.88,75.6,54.3,48.9,Low
17,Sarjapur Road,2023-01,23,47.3,0.76,80.4,50.8,48.8,Low
17,Sarjapur Road,2023-02,38,63,1.01,77.5,60.9,53.6,Low
17,Sarjapur Road,2023-03,36,59.1,1.5,75.6,59,46.5,Low
17,Sarjapur Road,2023-04,42,66.4,1.66,73.4,62.2,44.8,Medium
17,Sarjapur Road,2023-05,41,66.6,1.79,75.7,70.4,48.3,Low
17,Sarjapur Road,2023-06,30,53.7,0.74,80.1,57.6,46.8,Low
17,Sarjapur Road,2023-07,34,55.7,0.96,79.7,67.7,51.9,Low
17,Sarjapur Road,2023-08,33,52.9,0.99,76.4,59.5,50.7,Low
17,Sarjapur Road,2023-09,32,53.3,0.93,77,51.3,53.2,Low
17,Sarjapur Road,2023-10,35,62.3,1.01,79.1,59.8,47.9,Low
17,Sarjapur Road,2023-11,33,57.3,0.9,80.5,65.2,52.8,Low
17,Sarjapur Road,2023-12,23,44.3,0.86,81.8,54.4,56.1,Low
17,Sarjapur Road,2024-01,38,66.3,1.27,74.6,63.3,51.7,Low
17,Sarjapur Road,2024-02,36,60.3,0.58,78.4,49.6,51,Low
17,Sarjapur Road,2024-03,45,70.6,2.02,71.7,66.7,47.9,Medium
17,Sarjapur Road,2024-04,39,62.2,1.81,73.5,74.6,51.3,Low
17,Sarjapur Road,2024-05,37,59.7,0.89,76.6,68.5,50.3,Low
17,Sarjapur Road,2024-06,36,60.2,1.22,76.6,65.9,47.8,Low
17,Sarjapur Road,2024-07,34,59.8,0.42,77.8,47.5,54.3,Low
17,Sarjapur Road,2024-08,31,55.2,1.13,77.9,52.1,44.2,Low
17,Sarjapur Road,2024-09,29,49,1.2,81.8,55.6,55.2,Low
17,Sarjapur Road,2024-10,31,53.1,0.71,77.3,53.9,51,Low
17,Sarjapur Road,2024-11,32,54.7,0.99,78.6,68.4,51.8,Low
17,Sarjapur Road,2024-12,29,53.1,0.99,80.5,52.3,52.8,Low
18,Basavanagudi,2022-01,26,44.3,0.67,82.9,58.9,34.7,Low
18,Basavanagudi,2022-02,21,40,0.55,86.3,46.6,33,Low
18,Basavanagudi,2022-03,28,53,1.23,83.4,50.9,34.8,Low
18,Basavanagudi,2022-04,32,55.5,1.6,79.4,49.8,28.1,Low
18,Basavanagudi,2022-05,19,36.4,0.99,83.2,42.2,33.8,Low
18,Basavanagudi,2022-06,27,47.6,0.92,81,51.3,35.6,Low
18,Basavanagudi,2022-07,28,52.8,0.63,81.5,51.5,30.8,Low
18,Basavanagudi,2022-08,18,39,0.29,86.4,44.1,31,Low
18,Basavanagudi,2022-09,24,44.8,0.4,85.3,43.5,33.9,Low
18,Basavanagudi,2022-10,28,49.9,1.14,79.7,57.6,33.4,Low
18,Basavanagudi,2022-11,22,38.8,0.83,82.7,45.5,33.6,Low
18,Basavanagudi,2022-12,22,38.4,0.81,83.1,46.4,34.2,Low
18,Basavanagudi,2023-01,29,47.9,0.84,83,60.6,37.1,Low
18,Basavanagudi,2023-02,29,49.9,1.02,83.5,53.7,35.4,Low
18,Basavanagudi,2023-03,32,53.2,1.5,81,56.4,33.8,Low
18,Basavanagudi,2023-04,29,48.2,1.37,78.4,56.4,34.7,Low
18,Basavanagudi,2023-05,29,52.4,1.07,80.9,55.1,38.8,Low
18,Basavanagudi,2023-06,27,46.3,1.08,79.5,58.8,33.8,Low
18,Basavanagudi,2023-07,21,40.5,1.03,85.9,53.2,30.2,Low
18,Basavanagudi,2023-08,23,42.3,0.57,84.8,51.6,37.8,Low
18,Basavanagudi,2023-09,22,41.3,0.98,82,53,37.2,Low
18,Basavanagudi,2023-10,24,45,0.84,81.4,44.6,31.4,Low
18,Basavanagudi,2023-11,27,48.8,0.91,75.9,57.7,28.3,Low
18,Basavanagudi,2023-12,22,42,0.9,81.5,50.2,36.3,Low
18,Basavanagudi,2024-01,25,44.1,0.64,84.5,47.7,34.2,Low
18,Basavanagudi,2024-02,25,44.1,1.51,81.5,43.8,35.6,Low
18,Basavanagudi,2024-03,26,46.5,1.45,84.1,47.3,30.1,Low
18,Basavanagudi,2024-04,28,51.5,1.35,82,45,32.3,Low
18,Basavanagudi,2024-05,33,59.1,1.06,79.6,60.5,29.5,Low
18,Basavanagudi,2024-06,21,42.8,1.16,85.6,49.9,36.9,Low
18,Basavanagudi,2024-07,20,38.1,0.64,85.3,51.3,31.6,Low
18,Basavanagudi,2024-08,29,53.4,1.26,74.7,51.3,33.6,Low
18,Basavanagudi,2024-09,25,50.6,1.18,82.1,46.8,30.2,Low
18,Basavanagudi,2024-10,22,44.9,0.53,81.7,47.8,37.4,Low
18,Basavanagudi,2024-11,25,45.9,0.44,80.9,49,34.1,Low
18,Basavanagudi,2024-12,25,47.1,1.12,81.8,53.3,33.2,Low
19,Vijayanagar,2022-01,33,57.8,1.23,76.3,59.6,32.5,Low
19,Vijayanagar,2022-02,36,58.8,1.35,75.1,53.6,34.1,Low
19,Vijayanagar,2022-03,40,62.5,1.03,75.4,64.6,37.2,Low
19,Vijayanagar,2022-04,47,72.1,1.34,72.1,74.1,35,Medium
19,Vijayanagar,2022-05,45,67.2,1.4,72.3,67.4,34.8,Medium
19,Vijayanagar,2022-06,38,62.6,1.32,74.6,52.1,39.8,Low
19,Vijayanagar,2022-07,43,69.9,1.2,71.9,60.4,38.9,Medium
19,Vijayanagar,2022-08,34,59.9,1.03,75.8,55.8,39.7,Low
19,Vijayanagar,2022-09,35,56.8,0.93,76.3,66.3,37.4,Low
19,Vijayanagar,2022-10,34,57,1.18,80.8,56.6,40.4,Low
19,Vijayanagar,2022-11,35,61.5,0.91,74.9,53.1,36.9,Low
19,Vijayanagar,2022-12,37,62.1,1.3,76.5,61.2,36.3,Low
19,Vijayanagar,2023-01,31,57,1.26,78.1,57.7,37.3,Low
19,Vijayanagar,2023-02,37,61.4,1.51,74.4,65.8,38.8,Low
19,Vijayanagar,2023-03,48,72.4,1.94,71.5,73,36.6,Medium
19,Vijayanagar,2023-04,43,68.4,1.75,73.4,58.8,32.7,Medium
19,Vijayanagar,2023-05,42,63.6,1.5,72.8,60.1,36.1,Medium
19,Vijayanagar,2023-06,41,65.4,1.41,72.6,55.8,37.2,Low
19,Vijayanagar,2023-07,37,59.1,1.34,74.7,62.5,38.8,Low
19,Vijayanagar,2023-08,36,57,1,77.4,62.5,33.9,Low
19,Vijayanagar,2023-09,33,58.3,1.27,75.6,59.2,32.1,Low
19,Vijayanagar,2023-10,36,60.3,1.28,76.1,46.8,38.1,Low
19,Vijayanagar,2023-11,29,54.1,1.42,81.8,62.7,42.9,Low
19,Vijayanagar,2023-12,43,65.1,1.26,70.4,64,36.6,Medium
19,Vijayanagar,2024-01,36,63.5,1.45,75.1,63.6,36.5,Low
19,Vijayanagar,2024-02,32,54.8,1.62,75.9,59.5,33.9,Low
19,Vijayanagar,2024-03,42,67,1.35,74.4,63.7,42.9,Low
19,Vijayanagar,2024-04,42,65.8,1.26,68.5,61.5,38.9,Medium
19,Vijayanagar,2024-05,47,73.5,1.36,73.1,69.8,39.5,Medium
19,Vijayanagar,2024-06,38,59.6,0.81,77.3,63.7,40.6,Low
19,Vijayanagar,2024-07,34,60,0.92,77.5,68.1,34.6,Low
19,Vijayanagar,2024-08,43,68.2,1.04,76.4,64.9,41.5,Low
19,Vijayanagar,2024-09,35,57.2,1.06,72.9,64.1,37.7,Low
19,Vijayanagar,2024-10,37,55.2,1.06,72.4,55.9,36.7,Low
19,Vijayanagar,2024-11,32,52.6,1.34,76.7,49.4,41,Low
19,Vijayanagar,2024-12,40,61.3,1.28,73.3,59.1,38.8,Low
20,Kengeri,2022-01,19,41.4,0.73,89,47.2,45.7,Low
20,Kengeri,2022-02,19,40.5,0.59,82.4,53.8,46.1,Low
20,Kengeri,2022-03,25,52.6,1.23,83.2,47.9,49.2,Low
20,Kengeri,2022-04,25,50.1,0.97,80.4,50.6,45,Low
20,Kengeri,2022-05,28,48.7,1.69,78.3,56.2,49.1,Low
20,Kengeri,2022-06,20,39.7,0.31,84.6,47.6,46.5,Low
20,Kengeri,2022-07,19,44.2,0.96,86.7,62,51.2,Low
20,Kengeri,2022-08,19,39.6,0.92,84.7,42.3,48.1,Low
20,Kengeri,2022-09,20,39.8,1.09,85.3,48.4,52.1,Low
20,Kengeri,2022-10,18,38.7,0.92,84.6,56.2,46,Low
20,Kengeri,2022-11,15,34.3,0.74,90.8,47.7,55.1,Low
20,Kengeri,2022-12,19,44.3,0.17,88.3,50.4,50.8,Low
20,Kengeri,2023-01,21,44.3,0.91,86.1,54.2,45.7,Low
20,Kengeri,2023-02,26,52.9,0.69,80.9,57.4,47.1,Low
20,Kengeri,2023-03,21,41,1.34,82.1,44.5,45,Low
20,Kengeri,2023-04,27,50.7,1.18,79.6,53.1,45.4,Low
20,Kengeri,2023-05,28,52,1.02,77.7,54.3,46.6,Low
20,Kengeri,2023-06,23,49.1,1.23,83.7,49.6,51.7,Low
20,Kengeri,2023-07,19,35.9,0.51,83.5,48.2,53.3,Low
20,Kengeri,2023-08,14,32,0.85,86.6,36.5,55.8,Low
20,Kengeri,2023-09,15,31.4,1.02,88.5,43.3,47.4,Low
20,Kengeri,2023-10,23,46.7,0.64,83,57.2,48.4,Low
20,Kengeri,2023-11,23,44.4,0.77,87.8,53.4,47.1,Low
20,Kengeri,2023-12,19,44.2,0.66,88.8,53.8,52.8,Low
20,Kengeri,2024-01,22,45.9,0.58,82,56,49.4,Low
20,Kengeri,2024-02,13,33.4,0.93,85.1,41.6,52.8,Low
20,Kengeri,2024-03,32,52.3,1.61,75.1,47.8,52.1,Low
20,Kengeri,2024-04,26,50.9,1.09,83.6,43.8,52.3,Low
20,Kengeri,2024-05,26,47.5,1.1,83.7,48.9,48.7,Low
20,Kengeri,2024-06,19,42.2,1.14,85.2,49.6,43.2,Low
20,Kengeri,2024-07,15,38,0.25,88,42.4,49,Low
20,Kengeri,2024-08,24,46,0.59,84.2,56.9,50.5,Low
20,Kengeri,2024-09,20,42.7,0.87,86.1,45.8,45.5,Low
20,Kengeri,2024-10,32,52.2,0.71,74.2,56.5,55,Low
20,Kengeri,2024-11,18,38.9,0.83,88.4,48.8,49,Low
20,Kengeri,2024-12,11,27.5,0.75,91.1,35,46.6,Low
21,JP Nagar,2022-01,45,67.6,1.18,73.9,68.3,27.1,Medium
21,JP Nagar,2022-02,43,64.8,1.14,73.2,61.8,27.7,Medium
21,JP Nagar,2022-03,39,64.3,1.35,75.9,65.9,34.6,Low
21,JP Nagar,2022-04,51,74.5,1.89,65.7,69.7,26,Medium
21,JP Nagar,2022-05,40,65.2,0.84,78,68.1,31.4,Low
21,JP Nagar,2022-06,44,69.3,1.26,71.9,67.6,29,Medium
21,JP Nagar,2022-07,38,57.3,1.66,77.2,59.9,26.2,Low
21,JP Nagar,2022-08,37,62.1,0.59,77.3,63.3,23.6,Low
21,JP Nagar,2022-09,34,60.1,0.73,75.8,57.6,29.5,Low
21,JP Nagar,2022-10,35,60.4,0.84,75.1,53.1,27.8,Low
21,JP Nagar,2022-11,47,72.3,1.12,69.4,62.1,27.6,Medium
21,JP Nagar,2022-12,41,66.4,1.29,72,75.2,28.2,Medium
21,JP Nagar,2023-01,41,65.3,1.05,72.4,78.2,26.9,Low
21,JP Nagar,2023-02,35,54.5,1.4,76.4,58,24.7,Low
21,JP Nagar,2023-03,46,69.2,1.14,73.4,61.3,29.3,Medium
21,JP Nagar,2023-04,42,66.7,1.53,77,61.8,30.4,Medium
21,JP Nagar,2023-05,45,69.6,1.64,69.7,80.7,30.8,Medium
21,JP Nagar,2023-06,30,51,1.08,78,63.1,27.8,Low
21,JP Nagar,2023-07,40,66,1.03,74.8,66.8,23.1,Low
21,JP Nagar,2023-08,43,67.4,1.62,70.9,64.5,24.1,Medium
21,JP Nagar,2023-09,44,69.7,0.92,70,65.1,25.7,Medium
21,JP Nagar,2023-10,27,51.7,0.83,81.4,45.8,28.8,Low
21,JP Nagar,2023-11,45,69.3,1.16,71,68.9,25.7,Medium
21,JP Nagar,2023-12,38,64.6,1.54,74.3,69.7,24.4,Low
21,JP Nagar,2024-01,36,57,1.55,71.4,63.6,25.5,Low
21,JP Nagar,2024-02,43,71.4,1.09,71.2,64.3,21.5,Medium
21,JP Nagar,2024-03,50,77.8,1.9,68.1,68.4,25,Medium
21,JP Nagar,2024-04,47,75.1,1.75,72.2,64.7,26.3,Medium
21,JP Nagar,2024-05,42,70.2,1.48,70.1,62,23.9,Medium
21,JP Nagar,2024-06,41,60.8,1.47,75.2,65.9,30,Low
21,JP Nagar,2024-07,37,63.1,1.17,77.9,54.6,28.6,Low
21,JP Nagar,2024-08,40,61.4,0.89,76.1,59.2,24.6,Low
21,JP Nagar,2024-09,35,56.9,1.5,78.4,67,28.9,Low
21,JP Nagar,2024-10,32,51.4,1.28,76.9,62,29.2,Low
21,JP Nagar,2024-11,38,60.1,0.89,74.7,60.3,26.2,Low
21,JP Nagar,2024-12,38,57.6,0.95,77.9,65.4,26.5,Low
22,Ulsoor,2022-01,29,50.1,0.9,82.8,59.3,51.5,Low
22,Ulsoor,2022-02,24,45.3,0.34,82.8,59.8,52.2,Low
22,Ulsoor,2022-03,33,55.7,0.65,77.3,50.9,49.5,Low
22,Ulsoor,2022-04,35,59,1.2,76.9,54.8,49.3,Low
22,Ulsoor,2022-05,44,68.2,1.74,73.6,67.9,44.3,Medium
22,Ulsoor,2022-06,36,59.7,0.93,72.6,47.9,48.5,Low
22,Ulsoor,2022-07,30,50,0.86,82,58,46,Low
22,Ulsoor,2022-08,28,54.9,0.99,83.4,49.8,41.2,Low
22,Ulsoor,2022-09,27,51.1,0.83,78.3,60.8,48.3,Low
22,Ulsoor,2022-10,29,54.9,0.94,77.2,53.6,45.9,Low
22,Ulsoor,2022-11,30,54.6,0.82,76.3,53.7,37.2,Low
22,Ulsoor,2022-12,38,59.5,1.02,75.4,62.8,49.5,Low
22,Ulsoor,2023-01,26,51.9,0.74,82.4,43.8,48.3,Low
22,Ulsoor,2023-02,30,47.8,0.77,78.9,55.5,44.8,Low
22,Ulsoor,2023-03,35,60.4,1.5,76.8,55.3,48.3,Low
22,Ulsoor,2023-04,32,55.8,1.38,77,57.8,46.3,Low
22,Ulsoor,2023-05,38,63.1,1.45,73.3,57.6,46.6,Low
22,Ulsoor,2023-06,30,55.8,1.16,79.2,54.8,49.3,Low
22,Ulsoor,2023-07,29,48.1,0.64,78.9,60.1,50.1,Low
22,Ulsoor,2023-08,31,57.1,1.01,75.3,51.1,46.2,Low
22,Ulsoor,2023-09,32,57.1,0.86,75.7,56.7,46.3,Low
22,Ulsoor,2023-10,19,43,0.38,89.9,46.2,48.5,Low
22,Ulsoor,2023-11,24,44.4,0.44,82.5,52.3,52.9,Low
22,Ulsoor,2023-12,27,48,0.65,83.1,63.6,52.1,Low
22,Ulsoor,2024-01,31,59.3,1.16,78.4,61.2,52,Low
22,Ulsoor,2024-02,26,48.1,0.72,80.1,47.6,47.3,Low
22,Ulsoor,2024-03,43,66.3,1.19,70.4,57.4,46.4,Medium
22,Ulsoor,2024-04,31,52.5,1.18,78.3,58.1,45.4,Low
22,Ulsoor,2024-05,31,53.5,1.4,78.2,59.6,42.8,Low
22,Ulsoor,2024-06,25,49.2,0.71,84,54,47.6,Low
22,Ulsoor,2024-07,34,57.9,0.93,74.1,60,46.3,Low
22,Ulsoor,2024-08,25,47.7,0.61,84.1,54.8,53.4,Low
22,Ulsoor,2024-09,17,40.7,0.65,85.2,49.4,47.4,Low
22,Ulsoor,2024-10,26,50.6,0.92,83.7,57.5,50.5,Low
22,Ulsoor,2024-11,40,64.2,1.52,74.1,61.5,43.7,Low
22,Ulsoor,2024-12,25,46.5,0.32,81.8,55.8,46.7,Low
23,RT Nagar,2022-01,27,47.5,1.08,79.7,53.2,48.6,Low
23,RT Nagar,2022-02,32,55.6,0.7,78.6,65.2,54.4,Low
23,RT Nagar,2022-03,37,60.9,1.19,73.7,59.8,49.1,Low
23,RT Nagar,2022-04,33,52,1.3,75.4,54.2,44.9,Low
23,RT Nagar,2022-05,42,66.2,0.85,74.9,58.9,52.4,Low
23,RT Nagar,2022-06,35,60.3,0.8,74.5,54.6,51.6,Low
23,RT Nagar,2022-07,23,46.6,0.87,82.7,52.8,52.1,Low
23,RT Nagar,2022-08,35,60.9,1.08,78.4,61.4,48.9,Low
23,RT Nagar,2022-09,32,52.9,1.28,80.7,55.1,51.8,Low
23,RT Nagar,2022-10,25,45.9,0.47,82.1,55.4,50.3,Low
23,RT Nagar,2022-11,31,56.8,0.69,81,55.6,52.6,Low
23,RT Nagar,2022-12,29,53.3,0.73,82.1,51.6,50.6,Low
23,RT Nagar,2023-01,26,42.7,0.44,81.6,51.6,53.2,Low
23,RT Nagar,2023-02,33,55.4,1.08,75.3,60.8,53.1,Low
23,RT Nagar,2023-03,45,71.5,1.81,75.7,65,50.5,Medium
23,RT Nagar,2023-04,40,68.9,1.16,75.5,62.8,57.2,Low
23,RT Nagar,2023-05,26,47.1,1.37,85.4,58.9,55.4,Low
23,RT Nagar,2023-06,28,52.2,1.01,79.3,61.3,50.4,Low
23,RT Nagar,2023-07,32,52.4,1.1,80.9,59.5,51.3,Low
23,RT Nagar,2023-08,26,47.7,0.65,82.5,56.2,54,Low
23,RT Nagar,2023-09,25,48.1,0.21,81.7,50.9,60,Low
23,RT Nagar,2023-10,31,57.4,1.2,74.2,60.4,55,Low
23,RT Nagar,2023-11,29,56.9,0.68,80.4,57.1,61.3,Low
23,RT Nagar,2023-12,32,56.4,1.64,79,78.6,51.8,Low
23,RT Nagar,2024-01,30,50.4,1.26,79.3,61.3,56.8,Low
23,RT Nagar,2024-02,31,51.2,1.32,77.9,53.6,53.5,Low
23,RT Nagar,2024-03,44,71.7,1.8,72.5,64.5,57.3,Medium
23,RT Nagar,2024-04,41,62.5,1.6,72.1,64.8,51.1,Low
23,RT Nagar,2024-05,37,62,1.24,73.9,65.6,51.2,Low
23,RT Nagar,2024-06,29,49.8,0.84,79.3,56.4,57.1,Low
23,RT Nagar,2024-07,39,64.2,1.29,77.1,63.2,54.9,Low
23,RT Nagar,2024-08,28,45.7,1.11,82.2,48.3,53.2,Low
23,RT Nagar,2024-09,36,55,1.22,75.7,60.7,52.4,Low
23,RT Nagar,2024-10,33,57.7,1.16,77.4,67,54.4,Low
23,RT Nagar,2024-11,26,51.2,0.79,82.8,51.2,52.6,Low
23,RT Nagar,2024-12,29,50,0.95,81.3,53.8,53.4,Low
24,Bannerghatta Road,2022-01,27,45.8,1.04,80.7,53.3,50.1,Low
24,Bannerghatta Road,2022-02,30,54.4,1.16,78.7,57.5,54.3,Low
24,Bannerghatta Road,2022-03,37,54.1,1.21,76.7,63.9,60,Low
24,Bannerghatta Road,2022-04,42,62.6,1.41,74.4,59.6,58,Low
24,Bannerghatta Road,2022-05,35,59.1,0.9,75.4,59.3,57.9,Low
24,Bannerghatta Road,2022-06,30,52.7,1.35,76.1,63.7,56.4,Low
24,Bannerghatta Road,2022-07,26,47.6,0.82,82.7,54.6,52.7,Low
24,Bannerghatta Road,2022-08,29,52.9,1.16,82.7,53,54.9,Low
24,Bannerghatta Road,2022-09,27,50,0.74,81.9,58.1,53.1,Low
24,Bannerghatta Road,2022-10,24,45.8,1.44,83,54.5,56.4,Low
24,Bannerghatta Road,2022-11,33,53.5,0.67,80.8,55.2,54.5,Low
24,Bannerghatta Road,2022-12,27,48,0.96,78.4,56.8,56.9,Low
24,Bannerghatta Road,2023-01,34,52.7,0.87,74.1,63.5,58.9,Low
24,Bannerghatta Road,2023-02,29,52.6,0.91,81.4,60.4,50.8,Low
24,Bannerghatta Road,2023-03,38,65.2,1.42,75.4,62.7,58.2,Low
24,Bannerghatta Road,2023-04,30,52.9,1.79,76.9,55.9,58.3,Low
24,Bannerghatta Road,2023-05,38,62.3,0.97,78.9,60.4,55.1,Low
24,Bannerghatta Road,2023-06,35,53.2,1.12,78.7,61.9,56.7,Low
24,Bannerghatta Road,2023-07,28,47.1,1.13,80.7,51.7,56,Low
24,Bannerghatta Road,2023-08,28,50.3,0.68,78.9,61.3,55.7,Low
24,Bannerghatta Road,2023-09,32,56.8,0.68,78.3,53.3,55.4,Low
24,Bannerghatta Road,2023-10,30,46.2,0.89,81,50.9,61.3,Low
24,Bannerghatta Road,2023-11,29,54.2,0.87,84.2,61.8,58.4,Low
24,Bannerghatta Road,2023-12,35,58.7,1.03,74.2,63,56.3,Low
24,Bannerghatta Road,2024-01,34,56.9,1,75.5,53.6,57,Low
24,Bannerghatta Road,2024-02,34,55.9,1.26,78.6,64.3,56.1,Low
24,Bannerghatta Road,2024-03,38,62,1.33,71.1,66.1,55.2,Low
24,Bannerghatta Road,2024-04,38,61.7,1.29,78.3,67.6,53.6,Low
24,Bannerghatta Road,2024-05,39,66.5,1.35,71.7,60.7,51,Low
24,Bannerghatta Road,2024-06,32,55.8,1.36,79.1,52.6,55.1,Low
24,Bannerghatta Road,2024-07,34,55.8,0.79,77.9,58.3,50.2,Low
24,Bannerghatta Road,2024-08,30,54.1,1.08,77.3,49.4,55.3,Low
24,Bannerghatta Road,2024-09,36,61.5,0.7,76.9,56.6,56.3,Low
24,Bannerghatta Road,2024-10,26,48.3,0.73,82.4,51,57.3,Low
24,Bannerghatta Road,2024-11,31,54.5,0.83,79.6,52.1,54,Low
24,Bannerghatta Road,2024-12,30,50.7,1.25,81.4,66.3,54.5,Low
