ward_id,ward_name,month,traffic_congestion_index,avg_speed_kmph,peak_delay_min,vehicle_density_per_km,accident_rate_per_10k,public_transport_score,stress_level
1,Mahadevapura,2022-01,67,24.8,53,270,2.8,61.5,Medium
1,Mahadevapura,2022-02,48,29.8,32,90,1.56,78.9,Medium
1,Mahadevapura,2022-03,47,31.3,32,111,1.77,73.8,Medium
1,Mahadevapura,2022-04,57,26.5,47,147,2.43,73.8,Medium
1,Mahadevapura,2022-05,36,32.2,35,50,1.75,89.5,Low
1,Mahadevapura,2022-06,88,17.4,68,216,3.65,49.2,High
1,Mahadevapura,2022-07,72,18.7,56,210,2.92,73.4,High
1,Mahadevapura,2022-08,84,20,60,378,3.81,67.6,High
1,Mahadevapura,2022-09,97,12.9,67,332,4.19,54.1,High
1,Mahadevapura,2022-10,69,18.5,60,351,3.21,70,Medium
1,Mahadevapura,2022-11,71,20.9,64,256,2.71,60.5,High
1,Mahadevapura,2022-12,73,20.1,69,330,2.28,72.5,High
1,Mahadevapura,2023-01,70,28.7,55,238,3.35,62,High
1,Mahadevapura,2023-02,27,35.9,17,111,1.05,100,Low
1,Mahadevapura,2023-03,61,27.5,52,313,2.74,79.1,Medium
1,Mahadevapura,2023-04,44,39.9,37,142,1.55,81.9,Medium
1,Mahadevapura,2023-05,58,29,39,203,3.36,71.8,Medium
1,Mahadevapura,2023-06,85,21.5,69,271,2.94,60.4,High
1,Mahadevapura,2023-07,84,20,64,264,2.96,63.9,High
1,Mahadevapura,2023-08,83,17,65,216,2.94,52.5,High
1,Mahadevapura,2023-09,77,17.1,60,208,3.09,59.2,High
1,Mahadevapura,2023-10,70,22.4,53,229,3.28,63.4,High
1,Mahadevapura,2023-11,67,23.4,47,367,2.99,76.7,Medium
1,Mahadevapura,2023-12,88,14.9,69,468,4.12,56.6,High
1,Mahadevapura,2024-01,44,37.6,33,173,2.84,92.7,Medium
1,Mahadevapura,2024-02,72,26.5,56,264,3.14,59.9,High
1,Mahadevapura,2024-03,73,23.5,51,338,3,74.5,High
1,Mahadevapura,2024-04,64,24.2,50,256,2.94,69.9,Medium
1,Mahadevapura,2024-05,36,39.3,34,149,1.82,95.5,Low
1,Mahadevapura,2024-06,67,29.9,52,154,2.54,72.4,Medium
1,Mahadevapura,2024-07,52,37.5,42,98,1.55,86.2,Medium
1,Mahadevapura,2024-08,75,22.9,60,243,3.01,69,High
1,Mahadevapura,2024-09,86,16.3,71,305,3.83,62.7,High
1,Mahadevapura,2024-10,91,13.4,69,387,3.81,50.8,High
1,Mahadevapura,2024-11,52,34.5,39,223,2.26,88.8,Medium
1,Mahadevapura,2024-12,68,22.4,56,296,2.74,74.9,Medium
2,Yelahanka,2022-01,60,29.6,47,312,2.52,75.7,Medium
2,Yelahanka,2022-02,69,27.3,50,284,1.99,75.2,Medium
2,Yelahanka,2022-03,55,29.1,41,264,1.9,83,Medium
2,Yelahanka,2022-04,55,30.5,40,91,2.13,71.3,Medium
2,Yelahanka,2022-05,43,38.1,39,68,1.58,77.9,Medium
2,Yelahanka,2022-06,68,24.4,48,152,2.49,60.1,Medium
2,Yelahanka,2022-07,97,13.5,70,477,3.54,60.4,High
2,Yelahanka,2022-08,95,13.7,63,357,3.72,52.4,High
2,Yelahanka,2022-09,82,16.1,60,233,3.56,53.4,High
2,Yelahanka,2022-10,52,29.6,42,175,2.61,74.2,Medium
2,Yelahanka,2022-11,62,26.2,42,268,2.47,77.1,Medium
2,Yelahanka,2022-12,56,25.7,45,268,1.56,81,Medium
2,Yelahanka,2023-01,80,21.1,63,398,3.2,64.3,High
2,Yelahanka,2023-02,27,42.2,27,50,1.35,100,Low
2,Yelahanka,2023-03,84,14.9,61,391,3.77,56.2,High
2,Yelahanka,2023-04,75,24.6,55,372,2.92,73.6,High
2,Yelahanka,2023-05,45,39.1,36,50,1.07,88.4,Medium
2,Yelahanka,2023-06,100,9.7,77,371,3.41,42.3,High
2,Yelahanka,2023-07,47,38.7,39,50,2.68,81.5,Medium
2,Yelahanka,2023-08,96,14.6,71,369,3.91,49,High
2,Yelahanka,2023-09,59,29.8,50,121,2.94,82.9,Medium
2,Yelahanka,2023-10,61,26.7,43,234,2.69,81.7,Medium
2,Yelahanka,2023-11,76,22.5,58,397,3.16,70.1,High
2,Yelahanka,2023-12,76,23.3,60,346,2.45,66.7,High
2,Yelahanka,2024-01,39,33.4,42,50,0.86,81.2,Low
2,Yelahanka,2024-02,84,20.4,76,363,3.22,63.3,High
2,Yelahanka,2024-03,54,28.9,37,164,2.29,77.3,Medium
2,Yelahanka,2024-04,76,22.2,55,335,2.5,63.3,High
2,Yelahanka,2024-05,68,23.7,50,249,3.37,62.1,Medium
2,Yelahanka,2024-06,58,25.3,45,91,2.24,74.6,Medium
2,Yelahanka,2024-07,79,15.9,60,298,2.95,60.9,High
2,Yelahanka,2024-08,56,31.8,45,160,2.54,84.4,Medium
2,Yelahanka,2024-09,90,13.6,68,400,2.98,64.6,High
2,Yelahanka,2024-10,58,29.2,42,144,2.5,65.8,Medium
2,Yelahanka,2024-11,75,16.9,56,343,3.28,68.7,High
2,Yelahanka,2024-12,98,12.6,74,504,4.96,41.2,High
3,Jayanagar,2022-01,68,27,54,340,2.75,76.3,Medium
3,Jayanagar,2022-02,77,20.7,50,488,2.78,70.4,High
3,Jayanagar,2022-03,57,23.3,46,89,2.05,67.2,Medium
3,Jayanagar,2022-04,34,40.5,26,109,0.8,90.5,Low
3,Jayanagar,2022-05,77,19.9,57,274,2.85,61.5,High
3,Jayanagar,2022-06,87,15.2,69,250,3.36,52.1,High
3,Jayanagar,2022-07,76,17.8,57,200,2.73,72.7,High
3,Jayanagar,2022-08,58,29.8,50,235,2.56,84.3,Medium
3,Jayanagar,2022-09,100,8,78,434,4.28,48.3,High
3,Jayanagar,2022-10,57,30.4,46,209,1.9,82.1,Medium
3,Jayanagar,2022-11,41,37.5,38,118,1.89,87.4,Medium
3,Jayanagar,2022-12,58,28.7,45,183,1.89,65.5,Medium
3,Jayanagar,2023-01,92,8.5,62,431,4.12,47.4,High
3,Jayanagar,2023-02,49,35.7,41,108,1.5,80.9,Medium
3,Jayanagar,2023-03,61,26.4,56,250,2.21,78.8,Medium
3,Jayanagar,2023-04,78,19.8,60,226,3.19,54.9,High
3,Jayanagar,2023-05,32,40.5,31,85,1.46,100,Low
3,Jayanagar,2023-06,98,9.2,73,354,3.96,50.6,High
3,Jayanagar,2023-07,60,31.1,52,138,2.33,70,Medium
3,Jayanagar,2023-08,89,21.7,69,293,3.83,58.6,High
3,Jayanagar,2023-09,76,22,59,161,2.99,57.5,High
3,Jayanagar,2023-10,61,25,42,320,2.01,78.3,Medium
3,Jayanagar,2023-11,73,21.1,50,280,1.93,58.2,High
3,Jayanagar,2023-12,51,30.9,41,82,2.42,77.1,Medium
3,Jayanagar,2024-01,33,41.5,23,50,1.51,91.3,Low
3,Jayanagar,2024-02,95,11.7,68,484,3.27,45.6,High
3,Jayanagar,2024-03,67,26,52,223,2.57,65.2,Medium
3,Jayanagar,2024-04,58,28,48,125,3.03,65.2,Medium
3,Jayanagar,2024-05,65,26.3,50,389,2.25,80.1,Medium
3,Jayanagar,2024-06,83,18,57,213,3.46,57.1,High
3,Jayanagar,2024-07,84,17.6,68,352,3.3,59.6,High
3,Jayanagar,2024-08,56,34.2,45,112,2.06,81.3,Medium
3,Jayanagar,2024-09,75,24.7,60,152,2.61,57.9,High
3,Jayanagar,2024-10,69,26.6,54,300,3.16,70.9,Medium
3,Jayanagar,2024-11,38,34.6,30,50,1.44,95.5,Low
3,Jayanagar,2024-12,49,38.5,32,194,2.36,87.5,Medium
4,Whitefield,2022-01,58,26.8,45,216,2.38,71.8,Medium
4,Whitefield,2022-02,61,23.3,37,109,2.18,64.3,Medium
4,Whitefield,2022-03,39,40.4,37,79,1.49,88,Low
4,Whitefield,2022-04,37,37.4,32,97,1.24,94.7,Low
4,Whitefield,2022-05,40,33.2,30,53,1.54,79.7,Medium
4,Whitefield,2022-06,88,17.1,65,288,2.75,54.6,High
4,Whitefield,2022-07,92,15.4,72,294,3.5,51.9,High
4,Whitefield,2022-08,88,18.5,71,217,3.31,48.1,High
4,Whitefield,2022-09,66,21.2,44,125,2.89,62.4,Medium
4,Whitefield,2022-10,95,9.4,72,278,3.61,44.4,High
4,Whitefield,2022-11,74,21.3,56,259,2.64,57.9,High
4,Whitefield,2022-12,80,16.9,61,374,3.4,66,High
4,Whitefield,2023-01,55,28.2,44,270,2.28,77.9,Medium
4,Whitefield,2023-02,64,24.2,54,237,2.56,64.5,Medium
4,Whitefield,2023-03,84,16.9,64,348,3.06,67,High
4,Whitefield,2023-04,40,34.4,30,92,0.74,85.4,Medium
4,Whitefield,2023-05,43,31.5,32,89,1.49,80.5,Medium
4,Whitefield,2023-06,76,26.1,62,241,3.01,58.7,High
4,Whitefield,2023-07,68,24.8,59,141,2.91,75.2,Medium
4,Whitefield,2023-08,70,27.6,59,166,2.93,64.9,High
4,Whitefield,2023-09,76,16.2,57,178,2.54,57.8,High
4,Whitefield,2023-10,57,27.9,49,146,2.13,82.1,Medium
4,Whitefield,2023-11,58,30.9,50,230,2.43,72.1,Medium
4,Whitefield,2023-12,79,19,68,216,2.5,52.6,High
4,Whitefield,2024-01,57,29.6,48,126,2.29,67.2,Medium
4,Whitefield,2024-02,69,21.2,52,316,2.4,72,Medium
4,Whitefield,2024-03,44,38.8,40,148,2.13,91,Medium
4,Whitefield,2024-04,76,20,54,382,3.31,60.1,High
4,Whitefield,2024-05,88,18.9,68,353,4.3,48.9,High
4,Whitefield,2024-06,81,19.9,57,189,2.96,64.5,High
4,Whitefield,2024-07,87,14.8,70,199,2.7,53.5,High
4,Whitefield,2024-08,57,30.3,45,50,2.14,71.5,Medium
4,Whitefield,2024-09,100,8,77,388,4.43,43.1,High
4,Whitefield,2024-10,38,40.9,25,94,2.06,83.2,Low
4,Whitefield,2024-11,81,23.3,61,241,3.14,52.8,High
4,Whitefield,2024-12,74,23,49,289,2.85,61.3,High
5,KR Puram,2022-01,64,26.3,58,284,2.02,76.2,Medium
5,KR Puram,2022-02,65,28.1,53,279,2.81,67.9,Medium
5,KR Puram,2022-03,75,16.8,61,307,3.56,75,High
5,KR Puram,2022-04,76,23.2,65,262,2.26,67.8,High
5,KR Puram,2022-05,55,28,48,271,2.19,83.9,Medium
5,KR Puram,2022-06,76,24.8,63,193,2.32,56.7,High
5,KR Puram,2022-07,88,14.2,69,238,3.31,48.6,High
5,KR Puram,2022-08,100,8,85,481,3.83,41.7,High
5,KR Puram,2022-09,65,30.5,54,151,2.38,65,Medium
5,KR Puram,2022-10,68,23.1,55,271,3.67,67.2,Medium
5,KR Puram,2022-11,41,35.2,35,78,2.62,92,Medium
5,KR Puram,2022-12,66,25.5,52,225,3.06,69,Medium
5,KR Puram,2023-01,83,18.6,64,412,2.69,60.2,High
5,KR Puram,2023-02,75,19,62,356,2.98,68.1,High
5,KR Puram,2023-03,64,27.3,48,225,2.45,75.9,Medium
5,KR Puram,2023-04,83,16.7,65,209,3.34,53.1,High
5,KR Puram,2023-05,62,33.8,44,212,3.19,74.2,Medium
5,KR Puram,2023-06,89,17.9,71,251,3.4,61.7,High
5,KR Puram,2023-07,59,33.5,42,50,2.39,65.2,Medium
5,KR Puram,2023-08,98,14.1,73,338,3.52,49.2,High
5,KR Puram,2023-09,55,25.7,45,50,2.67,72.7,Medium
5,KR Puram,2023-10,64,24,50,206,2.45,66.7,Medium
5,KR Puram,2023-11,79,25.8,62,357,2.54,65.2,High
5,KR Puram,2023-12,71,22.2,45,189,2.69,59.4,High
5,KR Puram,2024-01,70,22.4,54,178,3.08,61.7,High
5,KR Puram,2024-02,74,21.4,57,444,3.27,73.9,High
5,KR Puram,2024-03,89,10.9,73,433,3.59,48.3,High
5,KR Puram,2024-04,52,29.1,43,270,2.07,85.7,Medium
5,KR Puram,2024-05,38,38.5,26,50,1.44,85.5,Low
5,KR Puram,2024-06,77,20,52,246,2.11,69.5,High
5,KR Puram,2024-07,96,11.2,72,366,3.8,51.8,High
5,KR Puram,2024-08,86,14.5,63,343,3.07,62.4,High
5,KR Puram,2024-09,69,22.8,62,99,2.88,58.6,Medium
5,KR Puram,2024-10,61,26.7,45,181,2.84,77.7,Medium
5,KR Puram,2024-11,60,24.9,50,179,2.97,69.7,Medium
5,KR Puram,2024-12,71,22,55,211,2.74,58.8,High
6,BTM Layout,2022-01,54,32,47,235,1.77,87,Medium
6,BTM Layout,2022-02,82,15.4,64,285,3.83,51.9,High
6,BTM Layout,2022-03,60,28.3,46,216,1.91,71.4,Medium
6,BTM Layout,2022-04,62,21.7,53,237,3,73.1,Medium
6,BTM Layout,2022-05,71,23.9,55,349,2.87,74.5,High
6,BTM Layout,2022-06,91,13.4,68,293,2.94,48.8,High
6,BTM Layout,2022-07,81,21.3,63,164,2.26,54.5,High
6,BTM Layout,2022-08,64,28.8,48,146,2.48,63.3,Medium
6,BTM Layout,2022-09,94,21.4,78,402,3.95,61.6,High
6,BTM Layout,2022-10,67,24.5,51,235,3.84,67.5,Medium
6,BTM Layout,2022-11,64,33.6,50,208,3.11,65.3,Medium
6,BTM Layout,2022-12,44,35,42,166,1.88,89,Medium
6,BTM Layout,2023-01,84,14.7,58,444,3.35,55.6,High
6,BTM Layout,2023-02,78,25.3,51,347,3.18,54.3,High
6,BTM Layout,2023-03,30,41,19,177,1.56,100,Low
6,BTM Layout,2023-04,68,24.6,53,222,3.31,76.1,Medium
6,BTM Layout,2023-05,55,32,41,138,2.57,72.4,Medium
6,BTM Layout,2023-06,93,18.2,71,295,2.86,51.1,High
6,BTM Layout,2023-07,92,10.1,68,347,3.12,49.9,High
6,BTM Layout,2023-08,72,25.3,57,156,3.08,60.5,High
6,BTM Layout,2023-09,69,26.6,56,188,2.85,74.3,Medium
6,BTM Layout,2023-10,57,30.2,40,277,2.45,80.4,Medium
6,BTM Layout,2023-11,71,22.1,62,310,2.97,65.7,High
6,BTM Layout,2023-12,63,23.5,55,258,2.26,65.6,Medium
6,BTM Layout,2024-01,61,30.6,46,230,2.18,80,Medium
6,BTM Layout,2024-02,99,10.7,82,456,3.41,40.9,High
6,BTM Layout,2024-03,76,20.6,61,244,3.47,61.5,High
6,BTM Layout,2024-04,72,20.2,56,297,3.43,57.4,High
6,BTM Layout,2024-05,82,16.2,62,394,3.4,65.1,High
6,BTM Layout,2024-06,48,32,32,50,1.35,73.2,Medium
6,BTM Layout,2024-07,100,14.6,78,431,3.94,50.9,High
6,BTM Layout,2024-08,87,14.9,71,217,3.39,50.1,High
6,BTM Layout,2024-09,77,24.8,66,264,4.03,68.7,High
6,BTM Layout,2024-10,75,22.5,57,309,3.14,63.3,High
6,BTM Layout,2024-11,63,34.7,47,169,2.47,72.2,Medium
6,BTM Layout,2024-12,61,25.4,40,180,2.41,66.3,Medium
7,Hebbal,2022-01,54,31.1,37,199,1.8,79.3,Medium
7,Hebbal,2022-02,73,19.2,55,274,2.52,66.8,High
7,Hebbal,2022-03,68,24.2,48,399,2.56,64.6,Medium
7,Hebbal,2022-04,92,15.3,65,439,3.45,47.9,High
7,Hebbal,2022-05,91,18.1,73,360,3.7,48.3,High
7,Hebbal,2022-06,93,11.9,70,302,4.6,49.1,High
7,Hebbal,2022-07,76,22.9,59,177,3.26,72.1,High
7,Hebbal,2022-08,88,16.2,68,354,3.06,65.2,High
7,Hebbal,2022-09,85,20.5,62,280,2.52,51.6,High
7,Hebbal,2022-10,48,34.2,41,224,1.8,83.2,Medium
7,Hebbal,2022-11,53,36.8,45,175,2.02,72.8,Medium
7,Hebbal,2022-12,67,25.4,54,237,3,67.2,Medium
7,Hebbal,2023-01,82,18.1,64,395,3.12,61.4,High
7,Hebbal,2023-02,50,29.1,37,210,1.78,88.3,Medium
7,Hebbal,2023-03,55,32.1,40,240,2.65,77.9,Medium
7,Hebbal,2023-04,76,22.6,58,369,3.13,69,High
7,Hebbal,2023-05,63,24.1,45,330,1.57,79.3,Medium
7,Hebbal,2023-06,72,23.5,53,50,3.5,59.7,High
7,Hebbal,2023-07,100,8.3,65,438,3.7,41.1,High
7,Hebbal,2023-08,100,8,73,386,4.21,51.1,High
7,Hebbal,2023-09,95,11.8,69,354,3.36,44.7,High
7,Hebbal,2023-10,52,32.8,45,210,1.9,83.4,Medium
7,Hebbal,2023-11,66,25.4,48,215,3.25,64.1,Medium
7,Hebbal,2023-12,82,21.6,56,326,3.56,51.1,High
7,Hebbal,2024-01,88,10.2,66,441,3.4,56.1,High
7,Hebbal,2024-02,57,32.2,48,62,2.57,70.9,Medium
7,Hebbal,2024-03,63,22,49,300,2.79,71.3,Medium
7,Hebbal,2024-04,77,21.3,56,216,3.22,56.7,High
7,Hebbal,2024-05,74,25.2,59,387,2.28,71.6,High
7,Hebbal,2024-06,86,16.8,69,302,3.96,63.5,High
7,Hebbal,2024-07,61,31.1,53,104,3.28,74,Medium
7,Hebbal,2024-08,100,14.4,77,441,3.31,51.1,High
7,Hebbal,2024-09,84,16.3,58,230,2.72,57.9,High
7,Hebbal,2024-10,92,13.7,66,423,3.21,46.2,High
7,Hebbal,2024-11,55,30,36,319,2.57,87,Medium
7,Hebbal,2024-12,56,29.5,44,168,2.63,73.5,Medium
8,Rajajinagar,2022-01,64,23.9,51,319,2.39,70.7,Medium
8,Rajajinagar,2022-02,60,30.8,50,189,2.43,66.3,Medium
8,Rajajinagar,2022-03,70,19.6,50,386,2.97,75.4,High
8,Rajajinagar,2022-04,71,29.4,49,285,3.06,68,High
8,Rajajinagar,2022-05,73,20.3,53,297,2.6,65.1,High
8,Rajajinagar,2022-06,76,22.3,61,131,2.65,57.3,High
8,Rajajinagar,2022-07,61,25.5,44,50,2.04,66.8,Medium
8,Rajajinagar,2022-08,69,29.4,60,163,3.15,68.6,Medium
8,Rajajinagar,2022-09,70,23.4,53,195,2.16,64.6,High
8,Rajajinagar,2022-10,88,18.8,71,428,3.51,63.8,High
8,Rajajinagar,2022-11,72,19.3,51,251,3.12,68.2,High
8,Rajajinagar,2022-12,73,23.2,58,296,2.88,69.6,High
8,Rajajinagar,2023-01,100,13,74,464,3.88,42,High
8,Rajajinagar,2023-02,26,43.4,28,53,0.92,100,Low
8,Rajajinagar,2023-03,79,20.5,55,390,3.06,63.5,High
8,Rajajinagar,2023-04,73,17.2,51,332,2.64,60.5,High
8,Rajajinagar,2023-05,93,10.6,70,410,3.98,44.5,High
8,Rajajinagar,2023-06,86,19,68,264,3.26,61.8,High
8,Rajajinagar,2023-07,66,22.8,47,232,3.07,76.7,Medium
8,Rajajinagar,2023-08,63,25.7,47,99,1.86,70.2,Medium
8,Rajajinagar,2023-09,86,15.4,60,267,3.34,53.8,High
8,Rajajinagar,2023-10,79,17.4,61,346,2.85,63.2,High
8,Rajajinagar,2023-11,37,43.3,30,131,1.38,95.2,Low
8,Rajajinagar,2023-12,83,17.9,66,326,3.05,54.5,High
8,Rajajinagar,2024-01,51,29,48,171,2.63,78,Medium
8,Rajajinagar,2024-02,59,26.8,48,235,2.42,75.2,Medium
8,Rajajinagar,2024-03,83,18.2,58,272,2.78,50.2,High
8,Rajajinagar,2024-04,49,28.9,36,83,2.28,80.6,Medium
8,Rajajinagar,2024-05,74,18.3,58,327,3.42,58.5,High
8,Rajajinagar,2024-06,81,20.7,63,178,3.21,58.3,High
8,Rajajinagar,2024-07,100,9.9,76,490,4.34,42,High
8,Rajajinagar,2024-08,37,32.8,28,50,1.25,95.8,Low
8,Rajajinagar,2024-09,72,20.8,60,159,3.31,63.4,High
8,Rajajinagar,2024-10,66,25.5,48,301,2.36,79.3,Medium
8,Rajajinagar,2024-11,63,26.8,53,261,2.98,73.9,Medium
8,Rajajinagar,2024-12,67,28.6,57,278,1.99,77.8,Medium
9,Indiranagar,2022-01,74,26.9,59,299,3,58.7,High
9,Indiranagar,2022-02,46,35.6,38,50,2.54,73.3,Medium
9,Indiranagar,2022-03,65,27.9,52,317,2.48,77.9,Medium
9,Indiranagar,2022-04,45,30.6,33,94,1.87,79.3,Medium
9,Indiranagar,2022-05,52,30.9,44,124,2.62,72.8,Medium
9,Indiranagar,2022-06,100,8.2,76,401,3.64,45.1,High
9,Indiranagar,2022-07,65,22.7,48,216,3.29,76.1,Medium
9,Indiranagar,2022-08,100,11.6,75,439,3.65,52,High
9,Indiranagar,2022-09,70,26.9,52,287,3.51,76.9,High
9,Indiranagar,2022-10,64,26,50,215,2.23,65.3,Medium
9,Indiranagar,2022-11,50,37.7,44,199,2.19,78,Medium
9,Indiranagar,2022-12,74,24,59,308,2.32,57,High
9,Indiranagar,2023-01,53,26.9,38,161,1.84,69.3,Medium
9,Indiranagar,2023-02,46,38.8,34,97,1.66,82.7,Medium
9,Indiranagar,2023-03,40,35.7,38,69,1.12,94.6,Medium
9,Indiranagar,2023-04,68,23.8,54,323,3.01,69.8,Medium
9,Indiranagar,2023-05,78,21.6,60,331,3.1,63.5,High
9,Indiranagar,2023-06,84,16.6,61,285,3.71,66.2,High
9,Indiranagar,2023-07,63,29.3,41,143,2.22,74.2,Medium
9,Indiranagar,2023-08,87,12.5,59,344,3.25,60.7,High
9,Indiranagar,2023-09,61,35.2,45,129,2.56,71.1,Medium
9,Indiranagar,2023-10,71,19.3,59,386,3.02,70,High
9,Indiranagar,2023-11,67,28.5,48,358,2.17,63.5,Medium
9,Indiranagar,2023-12,82,20.4,62,350,2.89,57.9,High
9,Indiranagar,2024-01,85,20,63,382,3.27,53.6,High
9,Indiranagar,2024-02,77,17.6,64,307,2.36,71.8,High
9,Indiranagar,2024-03,82,16,61,386,4.02,64.5,High
9,Indiranagar,2024-04,42,38.2,37,108,1.96,88.8,Medium
9,Indiranagar,2024-05,59,27.6,47,222,2.58,75.5,Medium
9,Indiranagar,2024-06,100,11.1,77,356,3.94,52,High
9,Indiranagar,2024-07,61,25.9,54,50,2.49,63.7,Medium
9,Indiranagar,2024-08,87,11.9,65,322,3.06,67.2,High
9,Indiranagar,2024-09,73,24.1,59,160,2.86,68.8,High
9,Indiranagar,2024-10,76,23.2,62,370,2.88,72.7,High
9,Indiranagar,2024-11,74,25.9,57,297,3.02,71.6,High
9,Indiranagar,2024-12,80,17.7,56,292,3.28,54.6,High
10,Electronic City,2022-01,69,20.3,58,306,2.7,77.2,Medium
10,Electronic City,2022-02,64,19.7,51,209,2.05,68.5,Medium
10,Electronic City,2022-03,67,32.3,58,158,2.28,61.2,Medium
10,Electronic City,2022-04,90,17.2,73,430,3.64,56.9,High
10,Electronic City,2022-05,67,25.6,54,356,2.1,79.8,Medium
10,Electronic City,2022-06,57,30,39,116,1.96,80.7,Medium
10,Electronic City,2022-07,96,14,68,351,3.82,48.4,High
10,Electronic City,2022-08,87,15.2,72,294,3.38,59.5,High
10,Electronic City,2022-09,78,23.4,66,123,3.18,56.6,High
10,Electronic City,2022-10,41,37.4,31,124,1.8,89.7,Medium
10,Electronic City,2022-11,55,33.5,48,158,2.63,73.3,Medium
10,Electronic City,2022-12,41,32.7,35,193,2.45,93.4,Medium
10,Electronic City,2023-01,58,28.8,42,262,2.67,82.9,Medium
10,Electronic City,2023-02,70,22,56,201,3.05,58,High
10,Electronic City,2023-03,85,22.2,58,349,3.38,61,High
10,Electronic City,2023-04,65,25.1,53,196,2.87,69.9,Medium
10,Electronic City,2023-05,95,12,68,379,3.29,43.9,High
10,Electronic City,2023-06,95,10.9,76,322,3.29,47.6,High
10,Electronic City,2023-07,86,20.1,67,334,3.23,63,High
10,Electronic City,2023-08,96,14.1,77,387,3.71,50.7,High
10,Electronic City,2023-09,100,8,80,422,3.71,48.9,High
10,Electronic City,2023-10,57,28.2,44,218,2.31,84.4,Medium
10,Electronic City,2023-11,41,43.8,30,181,1.83,86.5,Medium
10,Electronic City,2023-12,37,38.6,31,82,1.1,84.7,Low
10,Electronic City,2024-01,40,40.7,36,91,1.67,87.1,Medium
10,Electronic City,2024-02,76,19.1,61,365,2.67,71.3,High
10,Electronic City,2024-03,50,37.7,39,139,2.09,82.6,Medium
10,Electronic City,2024-04,60,32.8,50,115,1.99,67.4,Medium
10,Electronic City,2024-05,63,27.8,54,123,2.04,63.6,Medium
10,Electronic City,2024-06,74,27,56,270,3.21,66.7,High
10,Electronic City,2024-07,48,30.9,45,50,2.34,83.8,Medium
10,Electronic City,2024-08,89,15,66,362,3.1,48.3,High
10,Electronic City,2024-09,100,14.8,74,444,4.22,43.1,High
10,Electronic City,2024-10,88,15.4,64,464,3.53,62.6,High
10,Electronic City,2024-11,73,19,53,376,2.74,63.6,High
10,Electronic City,2024-12,59,28.7,51,219,2.71,74,Medium
11,Banashankari,2022-01,70,23.3,52,234,3.53,64,High
11,Banashankari,2022-02,66,23.9,55,232,2.91,78.1,Medium
11,Banashankari,2022-03,46,37.3,33,82,1.33,85,Medium
11,Banashankari,2022-04,84,16.6,64,326,3.21,53.9,High
11,Banashankari,2022-05,50,35.4,43,127,2.48,84.6,Medium
11,Banashankari,2022-06,82,20.4,65,227,2.53,52.8,High
11,Banashankari,2022-07,81,18.9,62,284,2.84,63.1,High
11,Banashankari,2022-08,100,11.4,73,429,4.06,40.3,High
11,Banashankari,2022-09,96,12.2,66,336,4.31,46.1,High
11,Banashankari,2022-10,81,18,60,269,3.4,54.5,High
11,Banashankari,2022-11,89,17.8,75,434,3.2,47.5,High
11,Banashankari,2022-12,84,16.4,63,268,2.85,55.6,High
11,Banashankari,2023-01,44,35.1,30,163,2.13,86.5,Medium
11,Banashankari,2023-02,34,40.9,26,152,1.19,88.7,Low
11,Banashankari,2023-03,75,18.5,60,346,2.87,69.6,High
11,Banashankari,2023-04,42,37.6,30,102,1.96,85.7,Medium
11,Banashankari,2023-05,36,33.8,28,50,1.5,93,Low
11,Banashankari,2023-06,100,10.7,68,311,3.81,41.1,High
11,Banashankari,2023-07,64,24.8,49,150,2.33,76.7,Medium
11,Banashankari,2023-08,63,23,53,142,2.57,72.8,Medium
11,Banashankari,2023-09,92,12.8,73,377,3.2,56.5,High
11,Banashankari,2023-10,69,17.2,53,244,2.25,61.5,Medium
11,Banashankari,2023-11,82,16.2,60,357,3.4,64.2,High
11,Banashankari,2023-12,50,31.9,47,142,1.53,70.9,Medium
11,Banashankari,2024-01,59,25.7,40,385,3.07,79.7,Medium
11,Banashankari,2024-02,94,15.5,71,428,4.1,50.7,High
11,Banashankari,2024-03,73,19.7,57,236,2.21,65.3,High
11,Banashankari,2024-04,55,31.8,48,315,2.64,85.6,Medium
11,Banashankari,2024-05,60,24.3,50,272,2.64,82.3,Medium
11,Banashankari,2024-06,48,31,36,120,2.3,90.9,Medium
11,Banashankari,2024-07,89,14.3,66,168,3.48,48.6,High
11,Banashankari,2024-08,81,18.9,58,301,3.17,59.1,High
11,Banashankari,2024-09,87,15.6,69,351,3.4,54.9,High
11,Banashankari,2024-10,65,28,45,162,2.56,61.3,Medium
11,Banashankari,2024-11,56,37,47,296,2.31,84.1,Medium
11,Banashankari,2024-12,75,21.2,54,322,2.92,59,High
12,Malleshwaram,2022-01,63,20.8,50,226,3.23,62.8,Medium
12,Malleshwaram,2022-02,63,30.1,55,161,2.64,68.8,Medium
12,Malleshwaram,2022-03,58,23.1,41,191,1.79,74.9,Medium
12,Malleshwaram,2022-04,44,33.3,40,58,1.63,74.7,Medium
12,Malleshwaram,2022-05,50,30.9,46,259,2.45,86.3,Medium
12,Malleshwaram,2022-06,75,20.4,65,270,3.96,66.1,High
12,Malleshwaram,2022-07,84,20.3,61,301,3.32,66.5,High
12,Malleshwaram,2022-08,61,28.2,46,230,2.05,80.8,Medium
12,Malleshwaram,2022-09,63,29.4,53,146,2.15,67.3,Medium
12,Malleshwaram,2022-10,61,27.5,40,208,1.98,82.5,Medium
12,Malleshwaram,2022-11,96,12.5,72,411,4.01,45.8,High
12,Malleshwaram,2022-12,63,30,47,279,2.97,74.5,Medium
12,Malleshwaram,2023-01,67,21.4,55,212,2.52,71.8,Medium
12,Malleshwaram,2023-02,57,28,44,190,2.6,74.4,Medium
12,Malleshwaram,2023-03,67,20.1,50,286,2.71,74.4,Medium
12,Malleshwaram,2023-04,78,16.1,61,325,3.23,64.3,High
12,Malleshwaram,2023-05,68,19.5,58,153,2.85,62.1,Medium
12,Malleshwaram,2023-06,82,16.7,61,290,3.22,66.2,High
12,Malleshwaram,2023-07,88,19.3,67,306,2.75,47.8,High
12,Malleshwaram,2023-08,95,13.1,67,389,3.66,50.1,High
12,Malleshwaram,2023-09,48,31.9,42,86,1.79,75.8,Medium
12,Malleshwaram,2023-10,91,14.2,68,366,4.16,45.7,High
12,Malleshwaram,2023-11,76,22.2,57,379,3.19,72.1,High
12,Malleshwaram,2023-12,65,23.4,51,211,2.57,62.4,Medium
12,Malleshwaram,2024-01,23,44.5,29,50,0.75,100,Low
12,Malleshwaram,2024-02,42,36.7,39,68,1.5,86.8,Medium
12,Malleshwaram,2024-03,88,12.5,62,405,3.44,50.3,High
12,Malleshwaram,2024-04,67,30.3,60,164,3.06,65.2,Medium
12,Malleshwaram,2024-05,93,11.7,68,451,3.72,55.3,High
12,Malleshwaram,2024-06,58,27.9,46,109,1.79,75.2,Medium
12,Malleshwaram,2024-07,74,24.7,56,280,2.72,68.7,High
12,Malleshwaram,2024-08,72,19.8,56,212,2.93,61.1,High
12,Malleshwaram,2024-09,87,14.5,65,333,3.52,60.9,High
12,Malleshwaram,2024-10,100,11,78,404,4.98,48.9,High
12,Malleshwaram,2024-11,81,16.7,61,379,1.92,59.1,High
12,Malleshwaram,2024-12,39,38.4,29,140,1.72,91.2,Low
13,Koramangala,2022-01,30,43,21,745,1.52,41.9,Low
13,Koramangala,2022-02,37,36.5,17,790,0.88,45.6,Low
13,Koramangala,2022-03,43,30.5,24,832,0.84,41,Low
13,Koramangala,2022-04,39,33.7,21,816,1.43,43.3,Low
13,Koramangala,2022-05,38,33.3,23,841,0.71,45.7,Low
13,Koramangala,2022-06,37,29.5,34,862,1.85,41,Low
13,Koramangala,2022-07,45,29.2,32,900,1.28,38.6,Low
13,Koramangala,2022-08,39,33.5,28,864,1,44,Low
13,Koramangala,2022-09,40,35,29,750,1.25,44.5,Low
13,Koramangala,2022-10,31,39.5,23,743,0.48,45.5,Low
13,Koramangala,2022-11,29,38.9,21,723,1.03,40.8,Low
13,Koramangala,2022-12,39,31.2,20,840,0.96,40.5,Low
13,Koramangala,2023-01,31,41.2,18,724,1.1,40.9,Low
13,Koramangala,2023-02,38,37.1,26,808,0.77,43.9,Low
13,Koramangala,2023-03,32,38.2,22,723,0.8,45,Low
13,Koramangala,2023-04,36,38.3,22,817,1.26,41.4,Low
13,Koramangala,2023-05,37,34.2,20,821,0.88,45.1,Low
13,Koramangala,2023-06,49,25.6,38,897,1.81,39.8,Medium
13,Koramangala,2023-07,47,32.6,32,822,1.55,39,Low
13,Koramangala,2023-08,42,32.8,32,772,0.68,43.2,Low
13,Koramangala,2023-09,41,32.1,27,860,0.76,39,Low
13,Koramangala,2023-10,41,34.9,25,898,1.01,40.4,Low
13,Koramangala,2023-11,35,34.7,23,689,1.25,39.2,Low
13,Koramangala,2023-12,30,39.1,23,677,1.15,43.8,Low
13,Koramangala,2024-01,29,40.6,17,765,0.93,39.6,Low
13,Koramangala,2024-02,39,33.7,26,841,1.66,45,Low
13,Koramangala,2024-03,35,38.6,17,812,1,41.8,Low
13,Koramangala,2024-04,34,35.7,28,809,2.26,45.8,Low
13,Koramangala,2024-05,35,34.5,20,766,1.4,42.3,Low
13,Koramangala,2024-06,42,33.2,33,817,1.4,46.4,Low
13,Koramangala,2024-07,40,35,31,841,0.96,38.9,Low
13,Koramangala,2024-08,41,34.2,32,843,1.25,41.8,Low
13,Koramangala,2024-09,44,31.5,30,870,1.87,38.4,Low
13,Koramangala,2024-10,39,34.3,21,846,1.03,43.6,Low
13,Koramangala,2024-11,35,35.6,18,794,1.21,45.3,Low
13,Koramangala,2024-12,34,37.5,21,748,1.58,41.8,Low
14,HSR Layout,2022-01,26,41,19,506,1.04,72.4,Low
14,HSR Layout,2022-02,24,42.5,15,524,0.92,73.3,Low
14,HSR Layout,2022-03,21,41.8,18,460,0.17,76.8,Low
14,HSR Layout,2022-04,28,41.9,20,520,0.67,70.2,Low
14,HSR Layout,2022-05,27,40.8,19,557,0.94,74.6,Low
14,HSR Layout,2022-06,30,42,25,552,1.06,74.3,Low
14,HSR Layout,2022-07,32,35.8,26,535,1.62,68.9,Low
14,HSR Layout,2022-08,38,34.9,32,590,1.17,71.7,Low
14,HSR Layout,2022-09,34,36.6,25,602,0.63,70.4,Low
14,HSR Layout,2022-10,18,44.3,14,414,0.54,72.1,Low
14,HSR Layout,2022-11,20,44.4,9,470,0.6,74.7,Low
14,HSR Layout,2022-12,28,37.4,19,549,0.65,74.6,Low
14,HSR Layout,2023-01,27,43.9,13,471,1.16,71,Low
14,HSR Layout,2023-02,25,39.6,16,474,0.51,77.9,Low
14,HSR Layout,2023-03,24,39.2,20,541,1.08,74.9,Low
14,HSR Layout,2023-04,28,41,15,565,1.14,69.1,Low
14,HSR Layout,2023-05,25,42.5,17,519,0.88,74.1,Low
14,HSR Layout,2023-06,37,40.8,28,601,1.21,72.1,Low
14,HSR Layout,2023-07,27,40.9,28,503,0.84,75.2,Low
14,HSR Layout,2023-08,29,39,22,579,0.66,73.1,Low
14,HSR Layout,2023-09,34,37.4,28,661,1.39,67.4,Low
14,HSR Layout,2023-10,26,39,15,530,0.33,74.5,Low
14,HSR Layout,2023-11,24,40.3,13,501,0.57,68.4,Low
14,HSR Layout,2023-12,19,47.2,7,489,0,72.4,Low
14,HSR Layout,2024-01,24,39.1,13,460,1.22,69,Low
14,HSR Layout,2024-02,25,45.1,17,471,0.97,70,Low
14,HSR Layout,2024-03,26,44.3,21,485,0.83,72.9,Low
14,HSR Layout,2024-04,25,41.1,22,511,1.14,72,Low
14,HSR Layout,2024-05,28,42.2,21,484,1.45,72.6,Low
14,HSR Layout,2024-06,37,36.1,32,617,0.79,69.8,Low
14,HSR Layout,2024-07,36,34.8,32,619,0.9,71.8,Low
14,HSR Layout,2024-08,34,37.7,26,577,1.18,71.3,Low
14,HSR Layout,2024-09,34,38.7,23,541,1.63,66.5,Low
14,HSR Layout,2024-10,25,44.2,16,549,0.67,72.8,Low
14,HSR Layout,2024-11,23,39.1,11,533,0.9,73.9,Low
14,HSR Layout,2024-12,21,48.5,16,474,0.85,71.2,Low
15,Marathahalli,2022-01,41,33.4,26,792,1.34,49,Low
15,Marathahalli,2022-02,45,31.6,25,822,0.97,48.4,Low
15,Marathahalli,2022-03,37,32,17,680,1.11,47.9,Low
15,Marathahalli,2022-04,45,29.1,25,847,0.92,47.7,Low
15,Marathahalli,2022-05,38,30.8,20,705,0.81,49.8,Low
15,Marathahalli,2022-06,48,31.9,35,900,1.15,49.7,Low
15,Marathahalli,2022-07,49,28,34,863,1.38,42.9,Medium
15,Marathahalli,2022-08,52,27.8,34,900,1.68,47.4,Medium
15,Marathahalli,2022-09,51,33.7,35,900,0.82,48.3,Medium
15,Marathahalli,2022-10,38,34.4,24,827,1.2,52.1,Low
15,Marathahalli,2022-11,38,31.8,19,824,1.27,51.2,Low
15,Marathahalli,2022-12,37,37.2,24,761,1.47,48.3,Low
15,Marathahalli,2023-01,40,34.2,22,811,0.94,47.6,Low
15,Marathahalli,2023-02,41,34.5,26,835,1.59,47.2,Low
15,Marathahalli,2023-03,35,36.7,20,700,0.73,54.3,Low
15,Marathahalli,2023-04,36,36,23,767,1.26,47.1,Low
15,Marathahalli,2023-05,40,36.2,30,859,1.11,46.3,Low
15,Marathahalli,2023-06,38,35.9,29,832,0.9,54.6,Low
15,Marathahalli,2023-07,53,28.6,38,899,1.39,48.3,Medium
15,Marathahalli,2023-08,47,29.1,41,852,1.51,43.8,Medium
15,Marathahalli,2023-09,49,29.1,35,839,1.41,46.8,Medium
15,Marathahalli,2023-10,38,37.3,25,810,0.75,49.5,Low
15,Marathahalli,2023-11,39,32.5,20,772,1.39,49.4,Low
15,Marathahalli,2023-12,39,33.3,29,800,1.59,48.1,Low
15,Marathahalli,2024-01,38,35.2,26,738,0.87,49.6,Low
15,Marathahalli,2024-02,38,33.3,24,728,1.14,49.3,Low
15,Marathahalli,2024-03,38,32.6,21,762,1.77,47.2,Low
15,Marathahalli,2024-04,41,34,28,845,1.29,49.5,Low
15,Marathahalli,2024-05,39,31.2,24,845,1.31,47.2,Low
15,Marathahalli,2024-06,55,25.5,38,900,1.11,46.7,Medium
15,Marathahalli,2024-07,47,31.2,37,853,1,49.3,Low
15,Marathahalli,2024-08,51,24.9,34,879,1.57,45.7,Medium
15,Marathahalli,2024-09,51,27.1,39,866,1.41,43.6,Medium
15,Marathahalli,2024-10,41,30.9,26,806,2.09,46.6,Low
15,Marathahalli,2024-11,35,35.1,23,754,0.78,46.1,Low
15,Marathahalli,2024-12,54,27.8,34,866,1.8,40.4,Medium
16,Bellandur,2022-01,45,31.6,31,900,0.97,41.3,Low
16,Bellandur,2022-02,40,29.9,21,869,1.47,45.8,Low
16,Bellandur,2022-03,41,33.1,24,837,1.65,38,Low
16,Bellandur,2022-04,43,32.5,26,900,1.4,42.2,Low
16,Bellandur,2022-05,46,29.4,29,900,1.97,40.6,Low
16,Bellandur,2022-06,47,29.3,38,900,1.3,40.3,Medium
16,Bellandur,2022-07,55,25.9,35,900,1.82,41.7,Medium
16,Bellandur,2022-08,58,23.7,41,900,1.21,38.1,Medium
16,Bellandur,2022-09,55,27.3,37,900,1.21,40.2,Medium
16,Bellandur,2022-10,44,36.6,31,854,1.8,38.3,Low
16,Bellandur,2022-11,49,25.8,25,900,1.37,39.9,Medium
16,Bellandur,2022-12,47,27.7,23,900,2.03,41.9,Low
16,Bellandur,2023-01,43,36,26,830,1.14,41.3,Low
16,Bellandur,2023-02,39,33.4,22,817,1.06,43.3,Low
16,Bellandur,2023-03,46,28.9,29,900,1.53,41.7,Low
16,Bellandur,2023-04,48,29.6,27,838,1.43,40.8,Low
16,Bellandur,2023-05,39,37.4,22,838,1.54,41.5,Low
16,Bellandur,2023-06,55,25.8,35,900,1.57,37.1,Medium
16,Bellandur,2023-07,54,29.8,40,900,1.86,43.7,Medium
16,Bellandur,2023-08,56,24,37,900,1.15,42.3,Medium
16,Bellandur,2023-09,55,26.4,35,900,1.14,40.3,Medium
16,Bellandur,2023-10,47,29.2,26,900,1.43,42.7,Low
16,Bellandur,2023-11,45,31.9,25,899,1.36,40.7,Low
16,Bellandur,2023-12,43,33.2,21,878,0.95,42.7,Low
16,Bellandur,2024-01,40,34,26,866,1.97,41.5,Low
16,Bellandur,2024-02,46,29.1,27,900,0.97,40.3,Low
16,Bellandur,2024-03,46,34.9,30,900,1.21,40.2,Low
16,Bellandur,2024-04,39,36.4,21,896,1.2,44.9,Low
16,Bellandur,2024-05,41,33.4,22,851,1.36,41,Low
16,Bellandur,2024-06,51,29.8,37,900,1.16,41.5,Medium
16,Bellandur,2024-07,57,22.9,36,900,1.38,40.3,Medium
16,Bellandur,2024-08,48,29,36,887,1.77,37.9,Medium
16,Bellandur,2024-09,52,27,40,900,1.64,39.2,Medium
16,Bellandur,2024-10,48,25.6,34,900,2.3,40.6,Medium
16,Bellandur,2024-11,39,32.4,23,879,1.65,37.3,Low
16,Bellandur,2024-12,42,35.5,23,836,1.06,41,Low
17,Sarjapur Road,2022-01,20,43,12,532,0.89,74.4,Low
17,Sarjapur Road,2022-02,14,49.7,9,456,0.49,75.9,Low
17,Sarjapur Road,2022-03,24,42.1,12,502,0.41,74,Low
17,Sarjapur Road,2022-04,22,46.3,13,515,0.22,73.9,Low
17,Sarjapur Road,2022-05,23,43.6,15,565,0.99,70,Low
17,Sarjapur Road,2022-06,37,34.3,32,696,1.1,63.3,Low
17,Sarjapur Road,2022-07,30,37,27,540,1.38,73.1,Low
17,Sarjapur Road,2022-08,30,35.8,27,567,1.24,72.5,Low
17,Sarjapur Road,2022-09,33,41.2,24,652,1.17,65.8,Low
17,Sarjapur Road,2022-10,18,47.7,13,493,1.16,73.7,Low
17,Sarjapur Road,2022-11,20,41.2,16,492,0.74,75.2,Low
17,Sarjapur Road,2022-12,12,51.2,6,397,0.6,75.7,Low
17,Sarjapur Road,2023-01,21,47.8,17,458,0.37,72.1,Low
17,Sarjapur Road,2023-02,24,40.9,15,545,0.57,72.5,Low
17,Sarjapur Road,2023-03,22,45.5,17,487,1.51,70.8,Low
17,Sarjapur Road,2023-04,21,45.2,17,459,0.08,78.3,Low
17,Sarjapur Road,2023-05,24,36.5,15,534,1.33,74.7,Low
17,Sarjapur Road,2023-06,24,44,20,483,0.83,73.8,Low
17,Sarjapur Road,2023-07,30,37.5,24,658,1.5,70.6,Low
17,Sarjapur Road,2023-08,25,40.3,23,523,1.02,70.5,Low
17,Sarjapur Road,2023-09,30,41.6,26,670,1.01,68.1,Low
17,Sarjapur Road,2023-10,20,44.7,15,514,0.9,73.2,Low
17,Sarjapur Road,2023-11,27,41.2,23,569,1.36,70.5,Low
17,Sarjapur Road,2023-12,17,50.7,9,451,0.03,74.4,Low
17,Sarjapur Road,2024-01,16,48.7,10,461,0.98,72.5,Low
17,Sarjapur Road,2024-02,20,45.6,12,483,0.82,75,Low
17,Sarjapur Road,2024-03,18,44.6,5,475,1.11,76.3,Low
17,Sarjapur Road,2024-04,18,47.2,15,473,0.39,75.4,Low
17,Sarjapur Road,2024-05,16,46.9,10,476,0.14,71.1,Low
17,Sarjapur Road,2024-06,31,37.6,23,603,1.17,68.4,Low
17,Sarjapur Road,2024-07,18,47.3,15,465,0.5,70.8,Low
17,Sarjapur Road,2024-08,30,39.9,25,642,0.9,71,Low
17,Sarjapur Road,2024-09,22,43.9,18,504,0.76,71.1,Low
17,Sarjapur Road,2024-10,20,44.6,13,495,0.56,73.3,Low
17,Sarjapur Road,2024-11,19,47.3,10,506,1.13,75,Low
17,Sarjapur Road,2024-12,19,49.8,11,513,1.03,71,Low
18,Basavanagudi,2022-01,29,40.4,17,566,1.91,72.1,Low
18,Basavanagudi,2022-02,27,38.4,14,486,0.75,68.8,Low
18,Basavanagudi,2022-03,21,44.9,19,492,0.3,74.8,Low
18,Basavanagudi,2022-04,24,41.7,11,501,0.64,71.3,Low
18,Basavanagudi,2022-05,27,41.1,18,566,0.9,71.5,Low
18,Basavanagudi,2022-06,37,39.1,29,672,1.5,64.4,Low
18,Basavanagudi,2022-07,32,39.7,22,588,0.87,68.5,Low
18,Basavanagudi,2022-08,35,36.5,22,603,0.6,66.5,Low
18,Basavanagudi,2022-09,33,37.3,32,654,0.21,69.6,Low
18,Basavanagudi,2022-10,20,49.2,13,446,0.8,74.3,Low
18,Basavanagudi,2022-11,24,38.1,16,567,0.95,70.2,Low
18,Basavanagudi,2022-12,28,40.3,15,593,1.39,66,Low
18,Basavanagudi,2023-01,25,44.4,14,503,0.63,70.6,Low
18,Basavanagudi,2023-02,19,49.7,17,501,0.23,73.9,Low
18,Basavanagudi,2023-03,26,38.7,20,603,0.5,63.6,Low
18,Basavanagudi,2023-04,20,45.3,14,463,0.79,72,Low
18,Basavanagudi,2023-05,22,42.7,15,526,0.85,67.5,Low
18,Basavanagudi,2023-06,27,39.5,25,543,0.68,68.2,Low
18,Basavanagudi,2023-07,33,36.7,28,629,0.84,69,Low
18,Basavanagudi,2023-08,30,38.1,20,600,1.03,74.4,Low
18,Basavanagudi,2023-09,31,39.4,25,592,0.5,70.3,Low
18,Basavanagudi,2023-10,30,35.5,21,603,0.6,68.6,Low
18,Basavanagudi,2023-11,17,46.8,11,436,0.88,71.2,Low
18,Basavanagudi,2023-12,28,43.1,12,547,1.04,71.8,Low
18,Basavanagudi,2024-01,18,43.1,13,484,1.2,66.1,Low
18,Basavanagudi,2024-02,24,42.5,13,520,0.65,73.1,Low
18,Basavanagudi,2024-03,15,49.9,11,398,0.15,69.5,Low
18,Basavanagudi,2024-04,13,47.4,9,414,1.08,70.5,Low
18,Basavanagudi,2024-05,20,44.7,12,448,1.02,72.2,Low
18,Basavanagudi,2024-06,32,38,26,601,1.22,71.8,Low
18,Basavanagudi,2024-07,34,36.2,25,622,1.21,72.4,Low
18,Basavanagudi,2024-08,26,43.1,26,586,1.11,70.4,Low
18,Basavanagudi,2024-09,35,33.5,27,673,0.4,66.6,Low
18,Basavanagudi,2024-10,30,38.2,19,583,0.67,68,Low
18,Basavanagudi,2024-11,23,45.4,14,484,0.4,76,Low
18,Basavanagudi,2024-12,29,35.6,18,590,0.8,67.5,Low
19,Vijayanagar,2022-01,19,43.6,19,427,0.82,63.9,Low
19,Vijayanagar,2022-02,15,43.6,8,417,0.55,60.1,Low
19,Vijayanagar,2022-03,28,42.3,20,556,0.42,64.5,Low
19,Vijayanagar,2022-04,21,45.5,14,447,0.31,65.8,Low
19,Vijayanagar,2022-05,24,43.3,17,522,0.67,64.8,Low
19,Vijayanagar,2022-06,31,39.7,23,565,0.59,62.6,Low
19,Vijayanagar,2022-07,32,40,27,545,0.59,56.6,Low
19,Vijayanagar,2022-08,24,42.1,23,474,0.97,61.6,Low
19,Vijayanagar,2022-09,33,38.7,29,555,0.83,62.6,Low
19,Vijayanagar,2022-10,22,44.8,13,555,1.2,64.2,Low
19,Vijayanagar,2022-11,18,49.4,10,481,0.78,64.4,Low
19,Vijayanagar,2022-12,18,46.1,11,407,0.76,64.3,Low
19,Vijayanagar,2023-01,20,42.2,12,474,1.22,60.4,Low
19,Vijayanagar,2023-02,29,40,16,590,0.76,58.1,Low
19,Vijayanagar,2023-03,24,42.2,20,493,0.89,64.8,Low
19,Vijayanagar,2023-04,20,43.9,17,473,1.47,65.4,Low
19,Vijayanagar,2023-05,19,47.3,9,517,0.53,63.6,Low
19,Vijayanagar,2023-06,27,40.9,21,509,0.31,57.6,Low
19,Vijayanagar,2023-07,22,41.2,21,441,0.59,65.1,Low
19,Vijayanagar,2023-08,36,35.2,32,611,1.03,59.8,Low
19,Vijayanagar,2023-09,31,37.9,20,544,1.35,66,Low
19,Vijayanagar,2023-10,19,46.4,14,439,0.14,66.9,Low
19,Vijayanagar,2023-11,14,47.1,9,414,0.1,66.9,Low
19,Vijayanagar,2023-12,29,39.6,15,592,0.84,67,Low
19,Vijayanagar,2024-01,26,43.9,20,469,1.15,59.6,Low
19,Vijayanagar,2024-02,18,44.2,10,445,0.27,63.6,Low
19,Vijayanagar,2024-03,19,46.9,14,440,0.66,64.6,Low
19,Vijayanagar,2024-04,18,48.1,19,416,0.51,68.7,Low
19,Vijayanagar,2024-05,21,47.2,14,502,0.76,62.3,Low
19,Vijayanagar,2024-06,26,46.1,24,547,1.41,62.4,Low
19,Vijayanagar,2024-07,23,42.4,19,508,0.84,59,Low
19,Vijayanagar,2024-08,28,42.7,22,596,0.5,64.6,Low
19,Vijayanagar,2024-09,27,38.4,22,566,1.12,63,Low
19,Vijayanagar,2024-10,29,42.5,17,568,0.8,61.6,Low
19,Vijayanagar,2024-11,20,44.4,12,456,0.98,63.5,Low
19,Vijayanagar,2024-12,17,45.4,13,367,0.25,67.7,Low
20,Kengeri,2022-01,23,43.1,20,497,0.9,78.5,Low
20,Kengeri,2022-02,26,42.9,17,587,0.7,77.4,Low
20,Kengeri,2022-03,20,42.5,12,447,0.51,81.9,Low
20,Kengeri,2022-04,29,40.1,22,509,0.68,75.6,Low
20,Kengeri,2022-05,27,39.6,19,533,0.41,74.2,Low
20,Kengeri,2022-06,41,32.7,29,630,1.48,71.9,Low
20,Kengeri,2022-07,39,38.9,33,589,0.17,72.1,Low
20,Kengeri,2022-08,30,39.3,26,572,0.26,77.7,Low
20,Kengeri,2022-09,31,38.9,22,544,0.88,74.7,Low
20,Kengeri,2022-10,20,45.1,9,418,0.93,80.8,Low
20,Kengeri,2022-11,31,35.8,19,558,0.86,75.4,Low
20,Kengeri,2022-12,21,44.7,14,496,0.81,82.1,Low
20,Kengeri,2023-01,27,41.5,13,562,0.85,77.7,Low
20,Kengeri,2023-02,27,44.3,11,608,1.01,78.2,Low
20,Kengeri,2023-03,27,44,12,609,0.92,73.6,Low
20,Kengeri,2023-04,28,39.8,21,514,1.3,76.8,Low
20,Kengeri,2023-05,22,44.1,14,436,1.46,72.8,Low
20,Kengeri,2023-06,38,36.5,26,648,1.25,73.7,Low
20,Kengeri,2023-07,33,42.1,24,593,2.14,71.4,Low
20,Kengeri,2023-08,29,44.2,24,514,1.25,79.8,Low
20,Kengeri,2023-09,27,40.9,22,529,0.66,78.1,Low
20,Kengeri,2023-10,29,36.2,14,547,1.07,76.1,Low
20,Kengeri,2023-11,28,39.1,17,582,0.73,79.1,Low
20,Kengeri,2023-12,19,42.8,5,452,0,76.8,Low
20,Kengeri,2024-01,29,39.2,21,573,0.41,73.7,Low
20,Kengeri,2024-02,31,39.7,14,530,1.02,69.9,Low
20,Kengeri,2024-03,21,44.1,13,451,0.83,79.8,Low
20,Kengeri,2024-04,29,39.9,19,514,1.15,76.7,Low
20,Kengeri,2024-05,26,42,17,581,0.63,79,Low
20,Kengeri,2024-06,37,36.5,25,576,0.82,76.8,Low
20,Kengeri,2024-07,40,34.3,32,722,1.1,72.2,Low
20,Kengeri,2024-08,38,37.3,33,662,0.77,72,Low
20,Kengeri,2024-09,29,39.6,20,566,1.79,74.2,Low
20,Kengeri,2024-10,32,38,19,597,2.05,74.8,Low
20,Kengeri,2024-11,26,42.7,19,523,0.37,76.9,Low
20,Kengeri,2024-12,27,40.1,16,502,0.96,78.1,Low
21,JP Nagar,2022-01,17,46.3,7,351,0.51,82.1,Low
21,JP Nagar,2022-02,17,47.7,10,294,0.38,78.4,Low
21,JP Nagar,2022-03,24,43,16,426,0.38,77.9,Low
21,JP Nagar,2022-04,21,42.6,13,398,1.08,82.4,Low
21,JP Nagar,2022-05,21,43.1,14,408,0.54,77.2,Low
21,JP Nagar,2022-06,32,42.1,31,517,1.13,83.9,Low
21,JP Nagar,2022-07,33,42,28,589,1.02,80.3,Low
21,JP Nagar,2022-08,33,36.4,25,508,1.55,76.4,Low
21,JP Nagar,2022-09,24,43.4,21,403,0.04,83.9,Low
21,JP Nagar,2022-10,26,45,20,511,1.3,75.4,Low
21,JP Nagar,2022-11,15,47.5,8,356,0.5,80,Low
21,JP Nagar,2022-12,19,42.7,10,285,0.88,78.9,Low
21,JP Nagar,2023-01,24,42.2,19,415,1.33,85.6,Low
21,JP Nagar,2023-02,17,47.3,12,408,0.52,82.6,Low
21,JP Nagar,2023-03,18,43.2,13,395,0.98,83.9,Low
21,JP Nagar,2023-04,11,52.8,7,283,0.53,81.4,Low
21,JP Nagar,2023-05,26,39.5,10,460,0.58,76.3,Low
21,JP Nagar,2023-06,33,36.2,21,523,1.7,77.5,Low
21,JP Nagar,2023-07,28,37.2,20,461,0.6,75,Low
21,JP Nagar,2023-08,28,40.6,25,523,0.06,82.6,Low
21,JP Nagar,2023-09,20,45.2,21,387,0.43,76.8,Low
21,JP Nagar,2023-10,19,45.8,15,513,1.15,82.3,Low
21,JP Nagar,2023-11,28,38.8,21,502,0,77.5,Low
21,JP Nagar,2023-12,25,39.7,20,411,0.47,78.2,Low
21,JP Nagar,2024-01,24,44.3,15,447,0.6,79.9,Low
21,JP Nagar,2024-02,24,41.2,13,406,0.15,76.8,Low
21,JP Nagar,2024-03,16,52.1,13,344,0.52,79.8,Low
21,JP Nagar,2024-04,25,41.5,18,436,0.99,80.8,Low
21,JP Nagar,2024-05,28,41.1,14,485,1.06,79.6,Low
21,JP Nagar,2024-06,41,35.7,31,651,1.17,77.1,Low
21,JP Nagar,2024-07,28,40.9,22,490,0.84,78.5,Low
21,JP Nagar,2024-08,25,39.6,20,411,0.51,76.5,Low
21,JP Nagar,2024-09,36,37,28,532,1.11,73.1,Low
21,JP Nagar,2024-10,20,43.5,17,425,0.55,78.3,Low
21,JP Nagar,2024-11,18,46.9,10,362,0,80.4,Low
21,JP Nagar,2024-12,19,42.1,11,338,1.11,81.1,Low
22,Ulsoor,2022-01,31,41.7,12,507,0.74,79.7,Low
22,Ulsoor,2022-02,31,38.7,20,501,1.41,78,Low
22,Ulsoor,2022-03,32,40.7,16,449,0.93,74.7,Low
22,Ulsoor,2022-04,33,38.4,18,542,0.21,75.2,Low
22,Ulsoor,2022-05,40,35.5,22,605,1.52,74.1,Low
22,Ulsoor,2022-06,37,36,30,546,0.89,78.2,Low
22,Ulsoor,2022-07,41,36.1,28,544,0.65,73.4,Low
22,Ulsoor,2022-08,41,30.6,35,614,1.47,78.4,Low
22,Ulsoor,2022-09,48,28.4,36,670,1.33,72.1,Low
22,Ulsoor,2022-10,33,39.4,23,494,0.9,76.7,Low
22,Ulsoor,2022-11,34,34.9,20,567,0.93,73.5,Low
22,Ulsoor,2022-12,34,34.3,23,488,1,78.4,Low
22,Ulsoor,2023-01,33,36.5,21,472,0.69,75.5,Low
22,Ulsoor,2023-02,33,38.3,16,483,0.39,72.6,Low
22,Ulsoor,2023-03,30,38.2,18,466,1.51,79.4,Low
22,Ulsoor,2023-04,28,40.2,18,532,1.21,74.6,Low
22,Ulsoor,2023-05,34,39.2,24,507,0.82,76.8,Low
22,Ulsoor,2023-06,34,35.1,29,521,0.75,76.1,Low
22,Ulsoor,2023-07,43,28.6,32,634,1.2,73.9,Low
22,Ulsoor,2023-08,39,38.2,26,571,1.69,73.4,Low
22,Ulsoor,2023-09,38,37.8,27,617,0.98,73,Low
22,Ulsoor,2023-10,34,37.9,20,559,1.44,76.3,Low
22,Ulsoor,2023-11,31,34.6,20,565,1.34,75.3,Low
22,Ulsoor,2023-12,34,39.9,24,538,0.54,77.3,Low
22,Ulsoor,2024-01,32,34.4,20,481,0.73,77.7,Low
22,Ulsoor,2024-02,36,33,20,552,1.51,78.2,Low
22,Ulsoor,2024-03,30,41.8,15,475,0.47,80.7,Low
22,Ulsoor,2024-04,30,36.9,16,538,1.5,76.7,Low
22,Ulsoor,2024-05,32,38,23,430,1.28,77.9,Low
22,Ulsoor,2024-06,35,37.9,26,543,1.16,75.5,Low
22,Ulsoor,2024-07,37,34.1,34,626,1.06,71,Low
22,Ulsoor,2024-08,40,32.7,31,631,1.42,74.6,Low
22,Ulsoor,2024-09,41,33.8,31,610,1.25,73.8,Low
22,Ulsoor,2024-10,35,32.7,20,559,0.37,77.6,Low
22,Ulsoor,2024-11,35,39.3,26,541,0.93,77.9,Low
22,Ulsoor,2024-12,33,39.1,17,530,0.84,79.4,Low
23,RT Nagar,2022-01,36,37.5,24,639,1.75,71.2,Low
23,RT Nagar,2022-02,28,42.9,21,517,0.56,77.9,Low
23,RT Nagar,2022-03,33,37,19,490,1.05,76.9,Low
23,RT Nagar,2022-04,27,40.7,14,497,1.01,73,Low
23,RT Nagar,2022-05,32,38.4,20,497,1.5,74,Low
23,RT Nagar,2022-06,43,29.1,29,538,1.39,68.2,Low
23,RT Nagar,2022-07,41,34,34,646,1.54,70.4,Low
23,RT Nagar,2022-08,39,37.4,29,641,1.48,68.4,Low
23,RT Nagar,2022-09,44,28.9,33,681,1.18,68.7,Low
23,RT Nagar,2022-10,26,41.7,15,448,0.79,69.6,Low
23,RT Nagar,2022-11,28,43,19,476,1,69.3,Low
23,RT Nagar,2022-12,31,34.4,16,485,1.13,67.9,Low
23,RT Nagar,2023-01,29,40.7,25,490,0.74,73,Low
23,RT Nagar,2023-02,33,37.4,18,532,1.61,72.5,Low
23,RT Nagar,2023-03,34,38.7,19,532,1.21,74.6,Low
23,RT Nagar,2023-04,17,48.1,11,415,0.26,72,Low
23,RT Nagar,2023-05,30,36.7,14,519,1.28,72.8,Low
23,RT Nagar,2023-06,42,33.4,32,669,1.44,67.9,Low
23,RT Nagar,2023-07,33,33.3,24,527,1.21,73,Low
23,RT Nagar,2023-08,46,28.9,36,626,1.32,68.5,Low
23,RT Nagar,2023-09,36,37.9,34,642,1.32,75.6,Low
23,RT Nagar,2023-10,34,39.2,24,515,1.49,75.6,Low
23,RT Nagar,2023-11,30,36.9,18,525,0.47,72.7,Low
23,RT Nagar,2023-12,26,45.1,17,429,1.03,77.3,Low
23,RT Nagar,2024-01,27,46.6,18,468,0.59,76.5,Low
23,RT Nagar,2024-02,27,41.4,19,466,0.76,72.5,Low
23,RT Nagar,2024-03,31,33.4,16,540,0.62,75.1,Low
23,RT Nagar,2024-04,38,32.9,28,532,1.38,71,Low
23,RT Nagar,2024-05,32,33.8,17,491,0.32,73.3,Low
23,RT Nagar,2024-06,39,39.9,33,601,1.33,67.3,Low
23,RT Nagar,2024-07,34,36.7,30,556,1,68.6,Low
23,RT Nagar,2024-08,36,34.4,26,567,1.06,70.8,Low
23,RT Nagar,2024-09,38,36.2,33,634,0.93,72.6,Low
23,RT Nagar,2024-10,33,37.4,16,601,0.8,71.1,Low
23,RT Nagar,2024-11,33,35.4,23,536,1.21,70.3,Low
23,RT Nagar,2024-12,33,36,18,545,0.74,72.8,Low
24,Bannerghatta Road,2022-01,34,35.6,23,564,0.38,75,Low
24,Bannerghatta Road,2022-02,33,38.9,21,597,1.3,72.7,Low
24,Bannerghatta Road,2022-03,34,37.8,22,539,1.58,71.9,Low
24,Bannerghatta Road,2022-04,29,39.9,17,461,1.3,75,Low
24,Bannerghatta Road,2022-05,33,36.4,19,501,1.03,75.7,Low
24,Bannerghatta Road,2022-06,39,33.4,29,551,0.92,70.4,Low
24,Bannerghatta Road,2022-07,32,37.3,25,488,0.43,72.8,Low
24,Bannerghatta Road,2022-08,39,32.3,31,548,1.15,77.1,Low
24,Bannerghatta Road,2022-09,40,30.8,27,631,0.72,74,Low
24,Bannerghatta Road,2022-10,38,33.5,25,566,1.76,73.6,Low
24,Bannerghatta Road,2022-11,33,38.5,21,572,0.34,78,Low
24,Bannerghatta Road,2022-12,30,39.1,17,462,0.74,74.5,Low
24,Bannerghatta Road,2023-01,29,38.8,20,437,0.79,73,Low
24,Bannerghatta Road,2023-02,28,39.7,17,495,1.47,68.4,Low
24,Bannerghatta Road,2023-03,38,35.2,25,568,0.84,74.1,Low
24,Bannerghatta Road,2023-04,29,39.8,20,503,0.92,72.5,Low
24,Bannerghatta Road,2023-05,26,43.1,19,459,0.63,75.3,Low
24,Bannerghatta Road,2023-06,47,32.2,33,677,0.93,69.1,Low
24,Bannerghatta Road,2023-07,44,28.9,29,674,1.18,72.9,Low
24,Bannerghatta Road,2023-08,38,37.9,30,602,1.18,71.2,Low
24,Bannerghatta Road,2023-09,43,30.7,31,622,1.64,72.1,Low
24,Bannerghatta Road,2023-10,38,39.5,27,645,1.13,73.9,Low
24,Bannerghatta Road,2023-11,30,38.5,21,495,1.2,78.9,Low
24,Bannerghatta Road,2023-12,32,37.1,23,501,0.71,73.7,Low
24,Bannerghatta Road,2024-01,36,34.2,19,561,1.31,73.8,Low
24,Bannerghatta Road,2024-02,31,38.5,18,532,0.63,71.8,Low
24,Bannerghatta Road,2024-03,36,36.4,23,575,1,72.5,Low
24,Bannerghatta Road,2024-04,29,43.9,27,513,1.52,74,Low
24,Bannerghatta Road,2024-05,33,34.4,17,536,1.21,72.9,Low
24,Bannerghatta Road,2024-06,41,34.4,34,613,1.59,70,Low
24,Bannerghatta Road,2024-07,34,38.1,26,541,1.25,75.3,Low
24,Bannerghatta Road,2024-08,44,28.1,32,654,1.16,68.7,Low
24,Bannerghatta Road,2024-09,43,36.7,32,630,1.49,70.2,Low
24,Bannerghatta Road,2024-10,30,42.2,18,463,0.86,71.9,Low
24,Bannerghatta Road,2024-11,27,37.9,22,448,0.73,69.5,Low
24,Bannerghatta Road,2024-12,24,41.3,14,423,0.5,75.7,Low
